"Entity.1","Entity.2","Weight","Network.group","Network","source","target"
"CALML6","PPP3R2",0.039421655,"Pathway","Wu-Stein-2010",0,144
"CALML6","ADCY8",0.03408771,"Pathway","Wu-Stein-2010",0,145
"CALML6","PDE1C",0.12456635,"Pathway","Wu-Stein-2010",0,146
"ADCY3","CALML6",0.02325032,"Pathway","Wu-Stein-2010",1,0
"PDE1A","CALML6",0.10523168,"Pathway","Wu-Stein-2010",2,0
"RYR3","P2RX2",0.15724476,"Pathway","Wu-Stein-2010",3,147
"RYR3","P2RX6",0.15724476,"Pathway","Wu-Stein-2010",3,148
"RYR3","P2RX1",0.13908422,"Pathway","Wu-Stein-2010",3,131
"RYR3","BST1",0.15724476,"Pathway","Wu-Stein-2010",3,149
"RYR3","P2RX4",0.13908422,"Pathway","Wu-Stein-2010",3,150
"RYR3","P2RX7",0.15724476,"Pathway","Wu-Stein-2010",3,151
"RYR3","P2RX5",0.15724476,"Pathway","Wu-Stein-2010",3,152
"RYR3","CD38",0.15724476,"Pathway","Wu-Stein-2010",3,153
"RYR3","CACNA1I",0.08237967,"Pathway","Wu-Stein-2010",3,154
"CACNA1D","RYR3",0.061060775,"Pathway","Wu-Stein-2010",4,3
"CACNA1S","RYR3",0.08237967,"Pathway","Wu-Stein-2010",5,3
"RYR2","P2RX2",0.15724476,"Pathway","Wu-Stein-2010",6,147
"RYR2","P2RX6",0.15724476,"Pathway","Wu-Stein-2010",6,148
"RYR2","P2RX1",0.13908422,"Pathway","Wu-Stein-2010",6,131
"RYR2","BST1",0.15724476,"Pathway","Wu-Stein-2010",6,149
"RYR2","P2RX4",0.13908422,"Pathway","Wu-Stein-2010",6,150
"RYR2","P2RX7",0.15724476,"Pathway","Wu-Stein-2010",6,151
"RYR2","P2RX5",0.15724476,"Pathway","Wu-Stein-2010",6,152
"RYR2","CD38",0.15724476,"Pathway","Wu-Stein-2010",6,153
"RYR2","CACNA1I",0.08237967,"Pathway","Wu-Stein-2010",6,154
"RYR2","CACNA1D",0.061060775,"Pathway","Wu-Stein-2010",6,4
"RYR2","CACNA1S",0.08237967,"Pathway","Wu-Stein-2010",6,5
"PHKA1","CALML6",0.028747214,"Pathway","Wu-Stein-2010",7,0
"ITPR2","CALML6",0.030888783,"Pathway","Wu-Stein-2010",8,0
"ITPR2","PLCD3",0.03500334,"Pathway","Wu-Stein-2010",8,155
"PLCZ1","ITPR2",0.03500334,"Pathway","Wu-Stein-2010",9,8
"GNA14","CYSLTR2",0.10352002,"Pathway","Wu-Stein-2010",10,156
"GNA14","CYSLTR1",0.10352002,"Pathway","Wu-Stein-2010",10,139
"GNA14","PTGER3",0.10352002,"Pathway","Wu-Stein-2010",10,157
"GNA14","LTB4R2",0.02678076,"Pathway","Wu-Stein-2010",10,158
"GNA14","CCKBR",0.04453954,"Pathway","Wu-Stein-2010",10,159
"CACNA1G","RYR3",0.06770815,"Pathway","Wu-Stein-2010",11,3
"CACNA1G","RYR2",0.06770815,"Pathway","Wu-Stein-2010",11,6
"ATP2A3","PLN",0.39853904,"Pathway","Wu-Stein-2010",12,160
"CALML5","PPP3R2",0.039421655,"Pathway","Wu-Stein-2010",13,144
"CALML5","ADCY8",0.03408771,"Pathway","Wu-Stein-2010",13,145
"CALML5","PDE1C",0.12456635,"Pathway","Wu-Stein-2010",13,146
"CALML5","ADCY3",0.02325032,"Pathway","Wu-Stein-2010",13,1
"CALML5","PDE1A",0.10523168,"Pathway","Wu-Stein-2010",13,2
"CALML5","PHKA1",0.028747214,"Pathway","Wu-Stein-2010",13,7
"CALML5","ITPR2",0.030888783,"Pathway","Wu-Stein-2010",13,8
"PTGFR","GNA14",0.083758496,"Pathway","Wu-Stein-2010",14,10
"TACR1","GNA14",0.045470223,"Pathway","Wu-Stein-2010",15,10
"OXTR","GNA14",0.059980422,"Pathway","Wu-Stein-2010",16,10
"AVPR1B","GNA14",0.024432322,"Pathway","Wu-Stein-2010",17,10
"ADRA1A","GNA14",0.014903858,"Pathway","Wu-Stein-2010",18,10
"CHRM5","GNA14",0.010791764,"Pathway","Wu-Stein-2010",19,10
"CHRM1","GNA14",0.0069707553,"Pathway","Wu-Stein-2010",20,10
"PHKB","CALML6",0.025984129,"Pathway","Wu-Stein-2010",21,0
"PHKB","PHKA1",0.06765615,"Pathway","Wu-Stein-2010",21,7
"PHKB","CALML5",0.025984129,"Pathway","Wu-Stein-2010",21,13
"CACNA1H","RYR3",0.08237967,"Pathway","Wu-Stein-2010",22,3
"CACNA1H","RYR2",0.08237967,"Pathway","Wu-Stein-2010",22,6
"CACNA1C","CALML6",0.03319364,"Pathway","Wu-Stein-2010",23,0
"CACNA1C","RYR3",0.052895516,"Pathway","Wu-Stein-2010",23,3
"CACNA1C","RYR2",0.052895516,"Pathway","Wu-Stein-2010",23,6
"CACNA1C","CALML5",0.03319364,"Pathway","Wu-Stein-2010",23,13
"MYLK3","CALML6",0.028403424,"Pathway","Wu-Stein-2010",24,0
"MYLK3","CALML5",0.028403424,"Pathway","Wu-Stein-2010",24,13
"PLCD4","ITPR2",0.03500334,"Pathway","Wu-Stein-2010",25,8
"CACNA1A","RYR3",0.033720296,"Pathway","Wu-Stein-2010",26,3
"CACNA1A","RYR2",0.033720296,"Pathway","Wu-Stein-2010",26,6
"ITPR3","CALML6",0.026045779,"Pathway","Wu-Stein-2010",27,0
"ITPR3","PLCD3",0.029515225,"Pathway","Wu-Stein-2010",27,155
"ITPR3","ITPR2",0.07286877,"Pathway","Wu-Stein-2010",27,8
"ITPR3","PLCZ1",0.029515225,"Pathway","Wu-Stein-2010",27,9
"ITPR3","CALML5",0.026045779,"Pathway","Wu-Stein-2010",27,13
"ITPR3","PLCD4",0.029515225,"Pathway","Wu-Stein-2010",27,25
"RYR1","P2RX2",0.15724476,"Pathway","Wu-Stein-2010",28,147
"RYR1","P2RX6",0.15724476,"Pathway","Wu-Stein-2010",28,148
"RYR1","P2RX1",0.13908422,"Pathway","Wu-Stein-2010",28,131
"RYR1","BST1",0.15724476,"Pathway","Wu-Stein-2010",28,149
"RYR1","P2RX4",0.13908422,"Pathway","Wu-Stein-2010",28,150
"RYR1","P2RX7",0.15724476,"Pathway","Wu-Stein-2010",28,151
"RYR1","P2RX5",0.15724476,"Pathway","Wu-Stein-2010",28,152
"RYR1","CD38",0.15724476,"Pathway","Wu-Stein-2010",28,153
"RYR1","CACNA1I",0.08237967,"Pathway","Wu-Stein-2010",28,154
"RYR1","CACNA1D",0.061060775,"Pathway","Wu-Stein-2010",28,4
"RYR1","CACNA1S",0.08237967,"Pathway","Wu-Stein-2010",28,5
"RYR1","CACNA1G",0.06770815,"Pathway","Wu-Stein-2010",28,11
"RYR1","CACNA1H",0.08237967,"Pathway","Wu-Stein-2010",28,22
"RYR1","CACNA1C",0.052895516,"Pathway","Wu-Stein-2010",28,23
"RYR1","CACNA1A",0.033720296,"Pathway","Wu-Stein-2010",28,26
"BDKRB2","GNA14",0.013950787,"Pathway","Wu-Stein-2010",29,10
"CACNA1E","RYR3",0.04324287,"Pathway","Wu-Stein-2010",30,3
"CACNA1E","RYR2",0.04324287,"Pathway","Wu-Stein-2010",30,6
"CACNA1E","RYR1",0.04324287,"Pathway","Wu-Stein-2010",30,28
"PLCB2","GNA14",0.02184422,"Pathway","Wu-Stein-2010",31,10
"PTGER1","GNA14",0.025939144,"Pathway","Wu-Stein-2010",32,10
"GRM1","GNA14",0.013638294,"Pathway","Wu-Stein-2010",33,10
"TRHR","GNA14",0.073360324,"Pathway","Wu-Stein-2010",34,10
"ATP2A2","PLN",0.6379474,"Pathway","Wu-Stein-2010",35,160
"PTAFR","GNA14",0.08595488,"Pathway","Wu-Stein-2010",36,10
"PHKA2","CALML6",0.028747214,"Pathway","Wu-Stein-2010",37,0
"PHKA2","CALML5",0.028747214,"Pathway","Wu-Stein-2010",37,13
"PHKA2","PHKB",0.06765615,"Pathway","Wu-Stein-2010",37,21
"PHKG1","CALML6",0.028747214,"Pathway","Wu-Stein-2010",38,0
"PHKG1","PHKA1",0.07485053,"Pathway","Wu-Stein-2010",38,7
"PHKG1","CALML5",0.028747214,"Pathway","Wu-Stein-2010",38,13
"PHKG1","PHKB",0.06765615,"Pathway","Wu-Stein-2010",38,21
"GRIN1","CALML6",0.02049511,"Pathway","Wu-Stein-2010",39,0
"GRIN1","RYR3",0.03265985,"Pathway","Wu-Stein-2010",39,3
"GRIN1","RYR2",0.03265985,"Pathway","Wu-Stein-2010",39,6
"GRIN1","CALML5",0.02049511,"Pathway","Wu-Stein-2010",39,13
"GRIN1","RYR1",0.03265985,"Pathway","Wu-Stein-2010",39,28
"GRM5","GNA14",0.012728479,"Pathway","Wu-Stein-2010",40,10
"CALML3","PPP3R2",0.039030652,"Pathway","Wu-Stein-2010",41,144
"CALML3","ADCY8",0.033749606,"Pathway","Wu-Stein-2010",41,145
"CALML3","PDE1C",0.12333084,"Pathway","Wu-Stein-2010",41,146
"CALML3","ADCY3",0.023019712,"Pathway","Wu-Stein-2010",41,1
"CALML3","PDE1A",0.10418794,"Pathway","Wu-Stein-2010",41,2
"CALML3","PHKA1",0.028462086,"Pathway","Wu-Stein-2010",41,7
"CALML3","ITPR2",0.03058241,"Pathway","Wu-Stein-2010",41,8
"CALML3","PHKB",0.025726404,"Pathway","Wu-Stein-2010",41,21
"CALML3","CACNA1C",0.032864407,"Pathway","Wu-Stein-2010",41,23
"CALML3","MYLK3",0.028121702,"Pathway","Wu-Stein-2010",41,24
"CALML3","ITPR3",0.025787443,"Pathway","Wu-Stein-2010",41,27
"CALML3","PHKA2",0.028462086,"Pathway","Wu-Stein-2010",41,37
"CALML3","PHKG1",0.028462086,"Pathway","Wu-Stein-2010",41,38
"CALML3","GRIN1",0.020291828,"Pathway","Wu-Stein-2010",41,39
"CACNA1B","RYR3",0.0434444,"Pathway","Wu-Stein-2010",42,3
"CACNA1B","RYR2",0.0434444,"Pathway","Wu-Stein-2010",42,6
"CACNA1B","RYR1",0.0434444,"Pathway","Wu-Stein-2010",42,28
"CHP2","CALML6",0.039421655,"Pathway","Wu-Stein-2010",43,0
"CHP2","CALML5",0.039421655,"Pathway","Wu-Stein-2010",43,13
"CHP2","CALML3",0.039030652,"Pathway","Wu-Stein-2010",43,41
"PLCE1","ITPR2",0.034223996,"Pathway","Wu-Stein-2010",44,8
"PLCE1","ITPR3",0.02885807,"Pathway","Wu-Stein-2010",44,27
"BDKRB1","GNA14",0.013956053,"Pathway","Wu-Stein-2010",45,10
"PLCB4","PPP3R2",0.033395372,"Pathway","Wu-Stein-2010",46,144
"PLCB4","CALML6",0.009352938,"Pathway","Wu-Stein-2010",46,0
"PLCB4","ITPR2",0.026166894,"Pathway","Wu-Stein-2010",46,8
"PLCB4","GNA14",0.006139645,"Pathway","Wu-Stein-2010",46,10
"PLCB4","CALML5",0.009352938,"Pathway","Wu-Stein-2010",46,13
"PLCB4","ITPR3",0.02206423,"Pathway","Wu-Stein-2010",46,27
"PLCB4","CALML3",0.009260171,"Pathway","Wu-Stein-2010",46,41
"PLCB4","CHP2",0.033395372,"Pathway","Wu-Stein-2010",46,43
"GRIN2C","CALML6",0.022424918,"Pathway","Wu-Stein-2010",47,0
"GRIN2C","RYR3",0.035735086,"Pathway","Wu-Stein-2010",47,3
"GRIN2C","RYR2",0.035735086,"Pathway","Wu-Stein-2010",47,6
"GRIN2C","CALML5",0.022424918,"Pathway","Wu-Stein-2010",47,13
"GRIN2C","RYR1",0.035735086,"Pathway","Wu-Stein-2010",47,28
"GRIN2C","GRIN1",0.041627895,"Pathway","Wu-Stein-2010",47,39
"GRIN2C","CALML3",0.022202495,"Pathway","Wu-Stein-2010",47,41
"AGTR1","GNA14",0.017302047,"Pathway","Wu-Stein-2010",48,10
"NTSR1","GNA14",0.06124032,"Pathway","Wu-Stein-2010",49,10
"AVPR1A","GNA14",0.024432322,"Pathway","Wu-Stein-2010",50,10
"ITPR1","CALML6",0.029988468,"Pathway","Wu-Stein-2010",51,0
"ITPR1","PLCD3",0.033983104,"Pathway","Wu-Stein-2010",51,155
"ITPR1","ITPR2",0.08389931,"Pathway","Wu-Stein-2010",51,8
"ITPR1","PLCZ1",0.033983104,"Pathway","Wu-Stein-2010",51,9
"ITPR1","CALML5",0.029988468,"Pathway","Wu-Stein-2010",51,13
"ITPR1","PLCD4",0.033983104,"Pathway","Wu-Stein-2010",51,25
"ITPR1","ITPR3",0.07074487,"Pathway","Wu-Stein-2010",51,27
"ITPR1","CALML3",0.029691027,"Pathway","Wu-Stein-2010",51,41
"ITPR1","PLCE1",0.03322647,"Pathway","Wu-Stein-2010",51,44
"ITPR1","PLCB4",0.025404211,"Pathway","Wu-Stein-2010",51,46
"HRH1","GNA14",0.01597766,"Pathway","Wu-Stein-2010",52,10
"GRPR","GNA14",0.021803482,"Pathway","Wu-Stein-2010",53,10
"CHRM3","GNA14",0.010443651,"Pathway","Wu-Stein-2010",54,10
"EDNRB","GNA14",0.019879166,"Pathway","Wu-Stein-2010",55,10
"EDNRB","PLCB2",0.091274105,"Pathway","Wu-Stein-2010",55,31
"MYLK2","CALML6",0.028403424,"Pathway","Wu-Stein-2010",56,0
"MYLK2","CALML5",0.028403424,"Pathway","Wu-Stein-2010",56,13
"MYLK2","CALML3",0.028121702,"Pathway","Wu-Stein-2010",56,41
"TACR3","GNA14",0.049690094,"Pathway","Wu-Stein-2010",57,10
"PDE1B","CALML6",0.12456635,"Pathway","Wu-Stein-2010",58,0
"PDE1B","CALML5",0.12456635,"Pathway","Wu-Stein-2010",58,13
"PDE1B","CALML3",0.12333084,"Pathway","Wu-Stein-2010",58,41
"HTR2C","GNA14",0.013187055,"Pathway","Wu-Stein-2010",59,10
"TBXA2R","GNA14",0.021473108,"Pathway","Wu-Stein-2010",60,10
"ADRA1D","GNA14",0.01570316,"Pathway","Wu-Stein-2010",61,10
"CAMK2D","CALML6",0.018572712,"Pathway","Wu-Stein-2010",62,0
"CAMK2D","ADCY3",0.039111786,"Pathway","Wu-Stein-2010",62,1
"CAMK2D","CALML5",0.018572712,"Pathway","Wu-Stein-2010",62,13
"CAMK2D","CAMK2G",0.051648106,"Pathway","Wu-Stein-2010",62,135
"CAMK2D","GRM1",0.03494971,"Pathway","Wu-Stein-2010",62,33
"CAMK2D","GRM5",0.0326182,"Pathway","Wu-Stein-2010",62,40
"CAMK2D","CALML3",0.0183885,"Pathway","Wu-Stein-2010",62,41
"CAMK2D","PLCB4",0.015733551,"Pathway","Wu-Stein-2010",62,46
"PLCB1","PPP3R2",0.023464037,"Pathway","Wu-Stein-2010",63,144
"PLCB1","CALML6",0.006571499,"Pathway","Wu-Stein-2010",63,0
"PLCB1","ITPR2",0.018385211,"Pathway","Wu-Stein-2010",63,8
"PLCB1","GNA14",0.0043137968,"Pathway","Wu-Stein-2010",63,10
"PLCB1","CALML5",0.006571499,"Pathway","Wu-Stein-2010",63,13
"PLCB1","CHRM1",0.006320515,"Pathway","Wu-Stein-2010",63,20
"PLCB1","ITPR3",0.015502622,"Pathway","Wu-Stein-2010",63,27
"PLCB1","GRM1",0.012366097,"Pathway","Wu-Stein-2010",63,33
"PLCB1","CALML3",0.0065063196,"Pathway","Wu-Stein-2010",63,41
"PLCB1","CHP2",0.023464037,"Pathway","Wu-Stein-2010",63,43
"PLCB1","AGTR1",0.015688092,"Pathway","Wu-Stein-2010",63,48
"PLCB1","ITPR1",0.017849337,"Pathway","Wu-Stein-2010",63,51
"PLCB1","EDNRB",0.018024812,"Pathway","Wu-Stein-2010",63,55
"PLCB1","CAMK2D",0.011054603,"Pathway","Wu-Stein-2010",63,62
"ADRA1B","GNA14",0.012244768,"Pathway","Wu-Stein-2010",64,10
"ITPKA","CALML6",0.035336412,"Pathway","Wu-Stein-2010",65,0
"ITPKA","PLCD3",0.04004342,"Pathway","Wu-Stein-2010",65,155
"ITPKA","ITPR2",0.09886136,"Pathway","Wu-Stein-2010",65,8
"ITPKA","PLCZ1",0.04004342,"Pathway","Wu-Stein-2010",65,9
"ITPKA","CALML5",0.035336412,"Pathway","Wu-Stein-2010",65,13
"ITPKA","PLCD4",0.04004342,"Pathway","Wu-Stein-2010",65,25
"ITPKA","ITPR3",0.083361045,"Pathway","Wu-Stein-2010",65,27
"ITPKA","CALML3",0.03498593,"Pathway","Wu-Stein-2010",65,41
"ITPKA","PLCE1",0.039151862,"Pathway","Wu-Stein-2010",65,44
"ITPKA","PLCB4",0.029934628,"Pathway","Wu-Stein-2010",65,46
"ITPKA","ITPR1",0.09597985,"Pathway","Wu-Stein-2010",65,51
"ITPKA","PLCB1",0.02103247,"Pathway","Wu-Stein-2010",65,63
"HTR2B","GNA14",0.015178544,"Pathway","Wu-Stein-2010",66,10
"EDNRA","ADCY4",0.077312805,"Pathway","Wu-Stein-2010",67,161
"EDNRA","ADCY2",0.05954157,"Pathway","Wu-Stein-2010",67,162
"EDNRA","ADCY8",0.06661432,"Pathway","Wu-Stein-2010",67,145
"EDNRA","ADCY3",0.04543586,"Pathway","Wu-Stein-2010",67,1
"EDNRA","ADCY1",0.06955577,"Pathway","Wu-Stein-2010",67,132
"EDNRA","GNA14",0.014163207,"Pathway","Wu-Stein-2010",67,10
"EDNRA","ADCY7",0.05954157,"Pathway","Wu-Stein-2010",67,163
"EDNRA","ADCY9",0.07029209,"Pathway","Wu-Stein-2010",67,164
"EDNRA","PLCB2",0.0650296,"Pathway","Wu-Stein-2010",67,31
"EDNRA","PLCB1",0.012842047,"Pathway","Wu-Stein-2010",67,63
"CCKAR","GNA14",0.049690094,"Pathway","Wu-Stein-2010",68,10
"SLC25A6","SLC25A4",0.41726467,"Pathway","Wu-Stein-2010",69,137
"ITPKB","CALML6",0.035336412,"Pathway","Wu-Stein-2010",70,0
"ITPKB","PLCD3",0.04004342,"Pathway","Wu-Stein-2010",70,155
"ITPKB","ITPR2",0.09886136,"Pathway","Wu-Stein-2010",70,8
"ITPKB","PLCZ1",0.04004342,"Pathway","Wu-Stein-2010",70,9
"ITPKB","CALML5",0.035336412,"Pathway","Wu-Stein-2010",70,13
"ITPKB","PLCD4",0.04004342,"Pathway","Wu-Stein-2010",70,25
"ITPKB","ITPR3",0.083361045,"Pathway","Wu-Stein-2010",70,27
"ITPKB","CALML3",0.03498593,"Pathway","Wu-Stein-2010",70,41
"ITPKB","PLCE1",0.039151862,"Pathway","Wu-Stein-2010",70,44
"ITPKB","PLCB4",0.029934628,"Pathway","Wu-Stein-2010",70,46
"ITPKB","ITPR1",0.09597985,"Pathway","Wu-Stein-2010",70,51
"ITPKB","PLCB1",0.02103247,"Pathway","Wu-Stein-2010",70,63
"PPP3CB","CALML6",0.02477795,"Pathway","Wu-Stein-2010",71,0
"PPP3CB","CALML5",0.02477795,"Pathway","Wu-Stein-2010",71,13
"PPP3CB","CALML3",0.02453219,"Pathway","Wu-Stein-2010",71,41
"PPP3CB","PLCB4",0.02099021,"Pathway","Wu-Stein-2010",71,46
"PPP3CB","PPP3CC",0.08156121,"Pathway","Wu-Stein-2010",71,165
"PPP3CB","PLCB1",0.014748002,"Pathway","Wu-Stein-2010",71,63
"HTR2A","GNA14",0.015178544,"Pathway","Wu-Stein-2010",72,10
"GNAQ","AVPR1B",0.033269662,"Pathway","Wu-Stein-2010",73,17
"GNAQ","ADRA1A",0.020294687,"Pathway","Wu-Stein-2010",73,18
"GNAQ","CHRM5",0.014695219,"Pathway","Wu-Stein-2010",73,19
"GNAQ","CHRM1",0.009492126,"Pathway","Wu-Stein-2010",73,20
"GNAQ","CACNA1A",0.018914996,"Pathway","Wu-Stein-2010",73,26
"GNAQ","BDKRB2",0.018996883,"Pathway","Wu-Stein-2010",73,29
"GNAQ","PLCB2",0.029745424,"Pathway","Wu-Stein-2010",73,31
"GNAQ","BDKRB1",0.019004056,"Pathway","Wu-Stein-2010",73,45
"GNAQ","PLCB4",0.008360397,"Pathway","Wu-Stein-2010",73,46
"GNAQ","AGTR1",0.02356032,"Pathway","Wu-Stein-2010",73,48
"GNAQ","AVPR1A",0.033269662,"Pathway","Wu-Stein-2010",73,50
"GNAQ","HRH1",0.02175689,"Pathway","Wu-Stein-2010",73,52
"GNAQ","GRPR",0.02968995,"Pathway","Wu-Stein-2010",73,53
"GNAQ","CHRM3",0.014221192,"Pathway","Wu-Stein-2010",73,54
"GNAQ","EDNRB",0.027069597,"Pathway","Wu-Stein-2010",73,55
"GNAQ","HTR2C",0.017956903,"Pathway","Wu-Stein-2010",73,59
"GNAQ","TBXA2R",0.02924008,"Pathway","Wu-Stein-2010",73,60
"GNAQ","ADRA1D",0.021383103,"Pathway","Wu-Stein-2010",73,61
"GNAQ","PLCB1",0.005874127,"Pathway","Wu-Stein-2010",73,63
"GNAQ","ADRA1B",0.016673787,"Pathway","Wu-Stein-2010",73,64
"GNAQ","HTR2B",0.02066873,"Pathway","Wu-Stein-2010",73,66
"GNAQ","EDNRA",0.019286139,"Pathway","Wu-Stein-2010",73,67
"GNAQ","HTR2A",0.02066873,"Pathway","Wu-Stein-2010",73,72
"GRIN2D","CALML6",0.022424918,"Pathway","Wu-Stein-2010",74,0
"GRIN2D","RYR3",0.035735086,"Pathway","Wu-Stein-2010",74,3
"GRIN2D","RYR2",0.035735086,"Pathway","Wu-Stein-2010",74,6
"GRIN2D","CALML5",0.022424918,"Pathway","Wu-Stein-2010",74,13
"GRIN2D","RYR1",0.035735086,"Pathway","Wu-Stein-2010",74,28
"GRIN2D","GRIN1",0.041627895,"Pathway","Wu-Stein-2010",74,39
"GRIN2D","CALML3",0.022202495,"Pathway","Wu-Stein-2010",74,41
"LHCGR","GNA14",0.019837106,"Pathway","Wu-Stein-2010",75,10
"PPP3R1","CALML6",0.029146122,"Pathway","Wu-Stein-2010",76,0
"PPP3R1","CALML5",0.029146122,"Pathway","Wu-Stein-2010",76,13
"PPP3R1","CALML3",0.028857036,"Pathway","Wu-Stein-2010",76,41
"PPP3R1","PLCB4",0.02469063,"Pathway","Wu-Stein-2010",76,46
"PPP3R1","PPP3CC",0.09593986,"Pathway","Wu-Stein-2010",76,165
"PPP3R1","PLCB1",0.017347967,"Pathway","Wu-Stein-2010",76,63
"PPP3R1","PPP3CB",0.06541081,"Pathway","Wu-Stein-2010",76,71
"GNA11","CYSLTR2",0.080757834,"Pathway","Wu-Stein-2010",77,156
"GNA11","CYSLTR1",0.080757834,"Pathway","Wu-Stein-2010",77,139
"GNA11","PTGER3",0.080757834,"Pathway","Wu-Stein-2010",77,157
"GNA11","LTB4R2",0.020892154,"Pathway","Wu-Stein-2010",77,158
"GNA11","PLCD3",0.006407092,"Pathway","Wu-Stein-2010",77,155
"GNA11","PLCZ1",0.006407092,"Pathway","Wu-Stein-2010",77,9
"GNA11","CCKBR",0.0347461,"Pathway","Wu-Stein-2010",77,159
"GNA11","PTGFR",0.06534151,"Pathway","Wu-Stein-2010",77,14
"GNA11","TACR1",0.03547214,"Pathway","Wu-Stein-2010",77,15
"GNA11","OXTR",0.04679181,"Pathway","Wu-Stein-2010",77,16
"GNA11","AVPR1B",0.019060096,"Pathway","Wu-Stein-2010",77,17
"GNA11","ADRA1A",0.01162677,"Pathway","Wu-Stein-2010",77,18
"GNA11","CHRM5",0.00841885,"Pathway","Wu-Stein-2010",77,19
"GNA11","CHRM1",0.0054380125,"Pathway","Wu-Stein-2010",77,20
"GNA11","PLCD4",0.006407092,"Pathway","Wu-Stein-2010",77,25
"GNA11","BDKRB2",0.0108832605,"Pathway","Wu-Stein-2010",77,29
"GNA11","PLCB2",0.01704107,"Pathway","Wu-Stein-2010",77,31
"GNA11","PTGER1",0.020235596,"Pathway","Wu-Stein-2010",77,32
"GNA11","GRM1",0.01063948,"Pathway","Wu-Stein-2010",77,33
"GNA11","TRHR",0.057229713,"Pathway","Wu-Stein-2010",77,34
"GNA11","PLCD1",0.039425008,"Pathway","Wu-Stein-2010",77,166
"GNA11","PTAFR",0.06705496,"Pathway","Wu-Stein-2010",77,36
"GNA11","GRM5",0.009929717,"Pathway","Wu-Stein-2010",77,40
"GNA11","PLCE1",0.0062644384,"Pathway","Wu-Stein-2010",77,44
"GNA11","BDKRB1",0.0108873695,"Pathway","Wu-Stein-2010",77,45
"GNA11","PLCB4",0.004789648,"Pathway","Wu-Stein-2010",77,46
"GNA11","AGTR1",0.01349764,"Pathway","Wu-Stein-2010",77,48
"GNA11","NTSR1",0.04777468,"Pathway","Wu-Stein-2010",77,49
"GNA11","AVPR1A",0.019060096,"Pathway","Wu-Stein-2010",77,50
"GNA11","HRH1",0.012464462,"Pathway","Wu-Stein-2010",77,52
"GNA11","CHRM2",0.008201057,"Pathway","Wu-Stein-2010",77,136
"GNA11","GRPR",0.01700929,"Pathway","Wu-Stein-2010",77,53
"GNA11","CHRM3",0.008147281,"Pathway","Wu-Stein-2010",77,54
"GNA11","EDNRB",0.015508096,"Pathway","Wu-Stein-2010",77,55
"GNA11","TACR3",0.038764138,"Pathway","Wu-Stein-2010",77,57
"GNA11","HTR2C",0.01028746,"Pathway","Wu-Stein-2010",77,59
"GNA11","TBXA2R",0.01675156,"Pathway","Wu-Stein-2010",77,60
"GNA11","ADRA1D",0.01225032,"Pathway","Wu-Stein-2010",77,61
"GNA11","PLCB1",0.0033652708,"Pathway","Wu-Stein-2010",77,63
"GNA11","ADRA1B",0.009552365,"Pathway","Wu-Stein-2010",77,64
"GNA11","HTR2B",0.011841058,"Pathway","Wu-Stein-2010",77,66
"GNA11","EDNRA",0.011048975,"Pathway","Wu-Stein-2010",77,67
"GNA11","CCKAR",0.038764138,"Pathway","Wu-Stein-2010",77,68
"GNA11","HTR2A",0.011841058,"Pathway","Wu-Stein-2010",77,72
"GNA11","LHCGR",0.015475285,"Pathway","Wu-Stein-2010",77,75
"SLC25A5","SLC25A4",0.41726467,"Pathway","Wu-Stein-2010",78,137
"SLC25A5","SLC25A6",0.47579905,"Pathway","Wu-Stein-2010",78,69
"CAMK2B","CALML6",0.01213657,"Pathway","Wu-Stein-2010",79,0
"CAMK2B","ADCY3",0.025558082,"Pathway","Wu-Stein-2010",79,1
"CAMK2B","CALML5",0.01213657,"Pathway","Wu-Stein-2010",79,13
"CAMK2B","CAMK2G",0.0337501,"Pathway","Wu-Stein-2010",79,135
"CAMK2B","BDKRB2",0.02336161,"Pathway","Wu-Stein-2010",79,29
"CAMK2B","GRM1",0.02283832,"Pathway","Wu-Stein-2010",79,33
"CAMK2B","GRM5",0.021314768,"Pathway","Wu-Stein-2010",79,40
"CAMK2B","CALML3",0.012016193,"Pathway","Wu-Stein-2010",79,41
"CAMK2B","PLCB4",0.010281284,"Pathway","Wu-Stein-2010",79,46
"CAMK2B","CAMK2D",0.020416187,"Pathway","Wu-Stein-2010",79,62
"CAMK2B","PLCB1",0.007223767,"Pathway","Wu-Stein-2010",79,63
"NOS2","CALML6",0.020354664,"Pathway","Wu-Stein-2010",80,0
"NOS2","CALML5",0.020354664,"Pathway","Wu-Stein-2010",80,13
"NOS2","CALML3",0.020152774,"Pathway","Wu-Stein-2010",80,41
"MYLK","CALML6",0.022228936,"Pathway","Wu-Stein-2010",81,0
"MYLK","CALML5",0.022228936,"Pathway","Wu-Stein-2010",81,13
"MYLK","CALML3",0.022008456,"Pathway","Wu-Stein-2010",81,41
"MYLK","CAMK2B",0.024435315,"Pathway","Wu-Stein-2010",81,79
"CAMK4","CALML6",0.028592594,"Pathway","Wu-Stein-2010",82,0
"CAMK4","CALML5",0.028592594,"Pathway","Wu-Stein-2010",82,13
"CAMK4","CALML3",0.028308995,"Pathway","Wu-Stein-2010",82,41
"CAMK4","CAMK2B",0.031430613,"Pathway","Wu-Stein-2010",82,79
"GNA15","CYSLTR2",0.08184789,"Pathway","Wu-Stein-2010",83,156
"GNA15","CYSLTR1",0.08184789,"Pathway","Wu-Stein-2010",83,139
"GNA15","PTGER3",0.08184789,"Pathway","Wu-Stein-2010",83,157
"GNA15","LTB4R2",0.021174155,"Pathway","Wu-Stein-2010",83,158
"GNA15","PLCD3",0.0064935735,"Pathway","Wu-Stein-2010",83,155
"GNA15","PLCZ1",0.0064935735,"Pathway","Wu-Stein-2010",83,9
"GNA15","CCKBR",0.035215095,"Pathway","Wu-Stein-2010",83,159
"GNA15","PTGFR",0.06622349,"Pathway","Wu-Stein-2010",83,14
"GNA15","TACR1",0.035950936,"Pathway","Wu-Stein-2010",83,15
"GNA15","OXTR",0.0474234,"Pathway","Wu-Stein-2010",83,16
"GNA15","AVPR1B",0.019317366,"Pathway","Wu-Stein-2010",83,17
"GNA15","ADRA1A",0.011783705,"Pathway","Wu-Stein-2010",83,18
"GNA15","CHRM5",0.008532486,"Pathway","Wu-Stein-2010",83,19
"GNA15","CHRM1",0.005511414,"Pathway","Wu-Stein-2010",83,20
"GNA15","PLCD4",0.0064935735,"Pathway","Wu-Stein-2010",83,25
"GNA15","BDKRB2",0.011030161,"Pathway","Wu-Stein-2010",83,29
"GNA15","PLCB2",0.017271088,"Pathway","Wu-Stein-2010",83,31
"GNA15","PTGER1",0.02050873,"Pathway","Wu-Stein-2010",83,32
"GNA15","GRM1",0.01078309,"Pathway","Wu-Stein-2010",83,33
"GNA15","TRHR",0.058002193,"Pathway","Wu-Stein-2010",83,34
"GNA15","PLCD1",0.03995716,"Pathway","Wu-Stein-2010",83,166
"GNA15","PTAFR",0.06796005,"Pathway","Wu-Stein-2010",83,36
"GNA15","GRM5",0.010063746,"Pathway","Wu-Stein-2010",83,40
"GNA15","PLCE1",0.006348995,"Pathway","Wu-Stein-2010",83,44
"GNA15","BDKRB1",0.011034326,"Pathway","Wu-Stein-2010",83,45
"GNA15","PLCB4",0.004854298,"Pathway","Wu-Stein-2010",83,46
"GNA15","AGTR1",0.013679829,"Pathway","Wu-Stein-2010",83,48
"GNA15","NTSR1",0.048419535,"Pathway","Wu-Stein-2010",83,49
"GNA15","AVPR1A",0.019317366,"Pathway","Wu-Stein-2010",83,50
"GNA15","HRH1",0.012632704,"Pathway","Wu-Stein-2010",83,52
"GNA15","GRPR",0.01723888,"Pathway","Wu-Stein-2010",83,53
"GNA15","CHRM3",0.008257252,"Pathway","Wu-Stein-2010",83,54
"GNA15","EDNRB",0.01571742,"Pathway","Wu-Stein-2010",83,55
"GNA15","TACR3",0.039287373,"Pathway","Wu-Stein-2010",83,57
"GNA15","HTR2C",0.010426318,"Pathway","Wu-Stein-2010",83,59
"GNA15","TBXA2R",0.016977668,"Pathway","Wu-Stein-2010",83,60
"GNA15","ADRA1D",0.012415673,"Pathway","Wu-Stein-2010",83,61
"GNA15","PLCB1",0.0034106947,"Pathway","Wu-Stein-2010",83,63
"GNA15","ADRA1B",0.009681302,"Pathway","Wu-Stein-2010",83,64
"GNA15","HTR2B",0.012000886,"Pathway","Wu-Stein-2010",83,66
"GNA15","EDNRA",0.011198112,"Pathway","Wu-Stein-2010",83,67
"GNA15","CCKAR",0.039287373,"Pathway","Wu-Stein-2010",83,68
"GNA15","HTR2A",0.012000886,"Pathway","Wu-Stein-2010",83,72
"GNA15","LHCGR",0.015684167,"Pathway","Wu-Stein-2010",83,75
"PRKACG","ADCY4",0.037868306,"Pathway","Wu-Stein-2010",84,161
"PRKACG","PLN",0.038150914,"Pathway","Wu-Stein-2010",84,160
"PRKACG","ADCY2",0.029163843,"Pathway","Wu-Stein-2010",84,162
"PRKACG","ADCY8",0.03262812,"Pathway","Wu-Stein-2010",84,145
"PRKACG","ADCY3",0.022254774,"Pathway","Wu-Stein-2010",84,1
"PRKACG","PHKA1",0.027516298,"Pathway","Wu-Stein-2010",84,7
"PRKACG","PHKB",0.024871524,"Pathway","Wu-Stein-2010",84,21
"PRKACG","ADCY7",0.029163843,"Pathway","Wu-Stein-2010",84,163
"PRKACG","ADCY9",0.034429517,"Pathway","Wu-Stein-2010",84,164
"PRKACG","PHKA2",0.027516298,"Pathway","Wu-Stein-2010",84,37
"PRKACG","PHKG1",0.027516298,"Pathway","Wu-Stein-2010",84,38
"PLCB3","PPP3R2",0.032714516,"Pathway","Wu-Stein-2010",85,144
"PLCB3","CALML6",0.009162252,"Pathway","Wu-Stein-2010",85,0
"PLCB3","ITPR2",0.02563341,"Pathway","Wu-Stein-2010",85,8
"PLCB3","GNA14",0.006014471,"Pathway","Wu-Stein-2010",85,10
"PLCB3","CALML5",0.009162252,"Pathway","Wu-Stein-2010",85,13
"PLCB3","ITPR3",0.021614386,"Pathway","Wu-Stein-2010",85,27
"PLCB3","CALML3",0.009071376,"Pathway","Wu-Stein-2010",85,41
"PLCB3","CHP2",0.032714516,"Pathway","Wu-Stein-2010",85,43
"PLCB3","ITPR1",0.024886273,"Pathway","Wu-Stein-2010",85,51
"PLCB3","CAMK2D",0.015412779,"Pathway","Wu-Stein-2010",85,62
"PLCB3","ITPKA",0.029324325,"Pathway","Wu-Stein-2010",85,65
"PLCB3","ITPKB",0.029324325,"Pathway","Wu-Stein-2010",85,70
"PLCB3","PPP3CB",0.020562267,"Pathway","Wu-Stein-2010",85,71
"PLCB3","PPP3R1",0.024187243,"Pathway","Wu-Stein-2010",85,76
"PLCB3","GNA11",0.0046919975,"Pathway","Wu-Stein-2010",85,77
"PLCB3","CAMK2B",0.010071671,"Pathway","Wu-Stein-2010",85,79
"PLCB3","GNA15",0.0047553293,"Pathway","Wu-Stein-2010",85,83
"PHKG2","CALML6",0.028747214,"Pathway","Wu-Stein-2010",86,0
"PHKG2","CALML5",0.028747214,"Pathway","Wu-Stein-2010",86,13
"PHKG2","PHKB",0.06765615,"Pathway","Wu-Stein-2010",86,21
"PHKG2","PHKA2",0.07485053,"Pathway","Wu-Stein-2010",86,37
"PHKG2","CALML3",0.028462086,"Pathway","Wu-Stein-2010",86,41
"PHKG2","PRKACG",0.027516298,"Pathway","Wu-Stein-2010",86,84
"PRKX","ADCY4",0.04848523,"Pathway","Wu-Stein-2010",87,161
"PRKX","PLN",0.04884707,"Pathway","Wu-Stein-2010",87,160
"PRKX","ADCY2",0.037340347,"Pathway","Wu-Stein-2010",87,162
"PRKX","ADCY8",0.041775886,"Pathway","Wu-Stein-2010",87,145
"PRKX","ADCY3",0.02849422,"Pathway","Wu-Stein-2010",87,1
"PRKX","ADCY7",0.037340347,"Pathway","Wu-Stein-2010",87,163
"PRKX","ADCY9",0.04408233,"Pathway","Wu-Stein-2010",87,164
"NOS1","CALML6",0.023228928,"Pathway","Wu-Stein-2010",88,0
"NOS1","CALML5",0.023228928,"Pathway","Wu-Stein-2010",88,13
"NOS1","CALML3",0.022998532,"Pathway","Wu-Stein-2010",88,41
"NOS1","CAMK2B",0.025534565,"Pathway","Wu-Stein-2010",88,79
"PRKCG","PLCD3",0.008165866,"Pathway","Wu-Stein-2010",89,155
"PRKCG","ITPR2",0.02016033,"Pathway","Wu-Stein-2010",89,8
"PRKCG","PLCZ1",0.008165866,"Pathway","Wu-Stein-2010",89,9
"PRKCG","CHRM5",0.0107298605,"Pathway","Wu-Stein-2010",89,19
"PRKCG","CHRM1",0.0069307704,"Pathway","Wu-Stein-2010",89,20
"PRKCG","SPHK2",0.033091836,"Pathway","Wu-Stein-2010",89,167
"PRKCG","PLCD4",0.008165866,"Pathway","Wu-Stein-2010",89,25
"PRKCG","CACNA1A",0.013810973,"Pathway","Wu-Stein-2010",89,26
"PRKCG","ITPR3",0.016999424,"Pathway","Wu-Stein-2010",89,27
"PRKCG","SPHK1",0.01441449,"Pathway","Wu-Stein-2010",89,168
"PRKCG","GRIN1",0.013376643,"Pathway","Wu-Stein-2010",89,39
"PRKCG","PLCE1",0.007984053,"Pathway","Wu-Stein-2010",89,44
"PRKCG","PLCB4",0.0061044274,"Pathway","Wu-Stein-2010",89,46
"PRKCG","GRIN2C",0.014636179,"Pathway","Wu-Stein-2010",89,47
"PRKCG","ITPR1",0.019572718,"Pathway","Wu-Stein-2010",89,51
"PRKCG","CHRM2",0.010452283,"Pathway","Wu-Stein-2010",89,136
"PRKCG","CHRM3",0.010383745,"Pathway","Wu-Stein-2010",89,54
"PRKCG","TBXA2R",0.021349935,"Pathway","Wu-Stein-2010",89,60
"PRKCG","PLCB1",0.0042890524,"Pathway","Wu-Stein-2010",89,63
"PRKCG","GRIN2D",0.014636179,"Pathway","Wu-Stein-2010",89,74
"PRKCG","ERBB4",0.0075435904,"Pathway","Wu-Stein-2010",89,140
"PRKCG","PRKACG",0.0068974374,"Pathway","Wu-Stein-2010",89,84
"PRKCG","PLCB3",0.0059799715,"Pathway","Wu-Stein-2010",89,85
"PRKCG","PRKX",0.008831234,"Pathway","Wu-Stein-2010",89,87
"GRIN2A","CALML6",0.019599754,"Pathway","Wu-Stein-2010",90,0
"GRIN2A","RYR3",0.031233067,"Pathway","Wu-Stein-2010",90,3
"GRIN2A","RYR2",0.031233067,"Pathway","Wu-Stein-2010",90,6
"GRIN2A","CALML5",0.019599754,"Pathway","Wu-Stein-2010",90,13
"GRIN2A","RYR1",0.031233067,"Pathway","Wu-Stein-2010",90,28
"GRIN2A","GRIN1",0.036383484,"Pathway","Wu-Stein-2010",90,39
"GRIN2A","CALML3",0.019405356,"Pathway","Wu-Stein-2010",90,41
"GRIN2A","PRKCG",0.012792267,"Pathway","Wu-Stein-2010",90,89
"NOS3","CALML6",0.011074924,"Pathway","Wu-Stein-2010",91,0
"NOS3","CALML5",0.011074924,"Pathway","Wu-Stein-2010",91,13
"NOS3","BDKRB2",0.021318056,"Pathway","Wu-Stein-2010",91,29
"NOS3","CALML3",0.010965077,"Pathway","Wu-Stein-2010",91,41
"NOS3","CAMK2B",0.012174189,"Pathway","Wu-Stein-2010",91,79
"CAMK2A","CALML6",0.017219657,"Pathway","Wu-Stein-2010",92,0
"CAMK2A","ADCY3",0.036262423,"Pathway","Wu-Stein-2010",92,1
"CAMK2A","CALML5",0.017219657,"Pathway","Wu-Stein-2010",92,13
"CAMK2A","CAMK2G",0.047885448,"Pathway","Wu-Stein-2010",92,135
"CAMK2A","GRM1",0.03240356,"Pathway","Wu-Stein-2010",92,33
"CAMK2A","GRM5",0.030241907,"Pathway","Wu-Stein-2010",92,40
"CAMK2A","CALML3",0.017048864,"Pathway","Wu-Stein-2010",92,41
"CAMK2A","PLCB4",0.014587333,"Pathway","Wu-Stein-2010",92,46
"CAMK2A","CAMK2D",0.028966978,"Pathway","Wu-Stein-2010",92,62
"CAMK2A","PLCB1",0.010249255,"Pathway","Wu-Stein-2010",92,63
"CAMK2A","CAMK2B",0.01892883,"Pathway","Wu-Stein-2010",92,79
"CAMK2A","PLCB3",0.0142899295,"Pathway","Wu-Stein-2010",92,85
"F2R","GNA14",0.011721121,"Pathway","Wu-Stein-2010",93,10
"F2R","PLCB1",0.010627761,"Pathway","Wu-Stein-2010",93,63
"F2R","GNAQ",0.015960732,"Pathway","Wu-Stein-2010",93,73
"F2R","GNA11",0.009143859,"Pathway","Wu-Stein-2010",93,77
"F2R","GNA15",0.009267281,"Pathway","Wu-Stein-2010",93,83
"ERBB2","ERBB4",0.011544602,"Pathway","Wu-Stein-2010",94,140
"ERBB2","PRKCG",0.007197659,"Pathway","Wu-Stein-2010",94,89
"PLCG2","PPP3R2",0.020729879,"Pathway","Wu-Stein-2010",95,144
"PLCG2","ITPR2",0.016242865,"Pathway","Wu-Stein-2010",95,8
"PLCG2","ITPR3",0.013696172,"Pathway","Wu-Stein-2010",95,27
"PLCG2","CHP2",0.020729879,"Pathway","Wu-Stein-2010",95,43
"PLCG2","ITPR1",0.015769435,"Pathway","Wu-Stein-2010",95,51
"PLCG2","CAMK2D",0.009766461,"Pathway","Wu-Stein-2010",95,62
"PLCG2","ITPKA",0.018581651,"Pathway","Wu-Stein-2010",95,65
"PLCG2","ITPKB",0.018581651,"Pathway","Wu-Stein-2010",95,70
"PLCG2","PPP3CB",0.013029485,"Pathway","Wu-Stein-2010",95,71
"PLCG2","PPP3R1",0.015326488,"Pathway","Wu-Stein-2010",95,76
"PLCG2","GNA11",0.0029731311,"Pathway","Wu-Stein-2010",95,77
"PLCG2","ERBB4",0.006077754,"Pathway","Wu-Stein-2010",95,140
"PLCG2","CAMK2B",0.006382015,"Pathway","Wu-Stein-2010",95,79
"PLCG2","GNA15",0.0030132618,"Pathway","Wu-Stein-2010",95,83
"PLCG2","PRKCG",0.0037892684,"Pathway","Wu-Stein-2010",95,89
"PLCG2","NOS3",0.0058237487,"Pathway","Wu-Stein-2010",95,91
"PLCG2","CAMK2A",0.009054956,"Pathway","Wu-Stein-2010",95,92
"PLCG2","PDGFRA",0.0054625156,"Pathway","Wu-Stein-2010",95,169
"PLCG2","ERBB2",0.005799042,"Pathway","Wu-Stein-2010",95,94
"GNAS","ADCY4",0.021673018,"Pathway","Wu-Stein-2010",96,161
"GNAS","ADCY2",0.016691227,"Pathway","Wu-Stein-2010",96,162
"GNAS","ADCY8",0.018673921,"Pathway","Wu-Stein-2010",96,145
"GNAS","HRH2",0.02490464,"Pathway","Wu-Stein-2010",96,170
"GNAS","ADCY3",0.012736985,"Pathway","Wu-Stein-2010",96,1
"GNAS","ADCY1",0.019498494,"Pathway","Wu-Stein-2010",96,132
"GNAS","HTR5A",0.01245766,"Pathway","Wu-Stein-2010",96,171
"GNAS","CHRM1",0.005817312,"Pathway","Wu-Stein-2010",96,20
"GNAS","ADCY7",0.016691227,"Pathway","Wu-Stein-2010",96,163
"GNAS","ADCY9",0.019704908,"Pathway","Wu-Stein-2010",96,164
"GNAS","HTR4",0.01379613,"Pathway","Wu-Stein-2010",96,172
"GNAS","ADRB3",0.0139117045,"Pathway","Wu-Stein-2010",96,173
"GNAS","PTGER1",0.021647023,"Pathway","Wu-Stein-2010",96,32
"GNAS","HTR7",0.01379613,"Pathway","Wu-Stein-2010",96,174
"GNAS","GRM1",0.0113815805,"Pathway","Wu-Stein-2010",96,33
"GNAS","ADORA2A",0.012868736,"Pathway","Wu-Stein-2010",96,175
"GNAS","GRM5",0.010622311,"Pathway","Wu-Stein-2010",96,40
"GNAS","ADRB1",0.014615786,"Pathway","Wu-Stein-2010",96,176
"GNAS","HRH1",0.013333854,"Pathway","Wu-Stein-2010",96,52
"GNAS","CHRM3",0.008715551,"Pathway","Wu-Stein-2010",96,54
"GNAS","EDNRB",0.016589781,"Pathway","Wu-Stein-2010",96,55
"GNAS","HTR2C",0.011005007,"Pathway","Wu-Stein-2010",96,59
"GNAS","ADRA1B",0.01021864,"Pathway","Wu-Stein-2010",96,64
"GNAS","DRD5",0.012014105,"Pathway","Wu-Stein-2010",96,177
"GNAS","HTR2B",0.012666967,"Pathway","Wu-Stein-2010",96,66
"GNAS","EDNRA",0.011819637,"Pathway","Wu-Stein-2010",96,67
"GNAS","HTR6",0.01379613,"Pathway","Wu-Stein-2010",96,178
"GNAS","HTR2A",0.012666967,"Pathway","Wu-Stein-2010",96,72
"GNAS","GNAQ",0.005406463,"Pathway","Wu-Stein-2010",96,73
"GNAS","LHCGR",0.016554682,"Pathway","Wu-Stein-2010",96,75
"GNAS","DRD1",0.012014105,"Pathway","Wu-Stein-2010",96,138
"GNAS","ADORA2B",0.013855783,"Pathway","Wu-Stein-2010",96,179
"PTK2B","PRKCG",0.004453101,"Pathway","Wu-Stein-2010",97,89
"PLCG1","GNA14",0.004502506,"Pathway","Wu-Stein-2010",98,10
"PLCG1","SPHK1",0.013720339,"Pathway","Wu-Stein-2010",98,168
"PLCG1","GNAQ",0.0061310935,"Pathway","Wu-Stein-2010",98,73
"PLCG1","GNA11",0.0035124863,"Pathway","Wu-Stein-2010",98,77
"PLCG1","ERBB4",0.007180318,"Pathway","Wu-Stein-2010",98,140
"PLCG1","CAMK4",0.017762987,"Pathway","Wu-Stein-2010",98,82
"PLCG1","GNA15",0.0035598972,"Pathway","Wu-Stein-2010",98,83
"PLCG1","PRKCG",0.004476679,"Pathway","Wu-Stein-2010",98,89
"PLCG1","CAMK2A",0.010697614,"Pathway","Wu-Stein-2010",98,92
"PLCG1","PDGFRA",0.0064534694,"Pathway","Wu-Stein-2010",98,169
"PLCG1","ERBB2",0.006851045,"Pathway","Wu-Stein-2010",98,94
"PPP3CA","CALML6",0.02477795,"Pathway","Wu-Stein-2010",99,0
"PPP3CA","CALML5",0.02477795,"Pathway","Wu-Stein-2010",99,13
"PPP3CA","CALML3",0.02453219,"Pathway","Wu-Stein-2010",99,41
"PPP3CA","PLCB4",0.02099021,"Pathway","Wu-Stein-2010",99,46
"PPP3CA","PPP3CC",0.08156121,"Pathway","Wu-Stein-2010",99,165
"PPP3CA","PLCB1",0.014748002,"Pathway","Wu-Stein-2010",99,63
"PPP3CA","PPP3CB",0.055607595,"Pathway","Wu-Stein-2010",99,71
"PPP3CA","PPP3R1",0.06541081,"Pathway","Wu-Stein-2010",99,76
"PPP3CA","PLCB3",0.020562267,"Pathway","Wu-Stein-2010",99,85
"PPP3CA","PLCG2",0.013029485,"Pathway","Wu-Stein-2010",99,95
"PRKCA","CHRM5",0.010757558,"Pathway","Wu-Stein-2010",100,19
"PRKCA","CHRM1",0.0069486615,"Pathway","Wu-Stein-2010",100,20
"PRKCA","SPHK1",0.014451698,"Pathway","Wu-Stein-2010",100,168
"PRKCA","CHRM2",0.010479264,"Pathway","Wu-Stein-2010",100,136
"PRKCA","CHRM3",0.010410549,"Pathway","Wu-Stein-2010",100,54
"PRKCA","TBXA2R",0.021405047,"Pathway","Wu-Stein-2010",100,60
"PRKCA","ERBB4",0.0075630625,"Pathway","Wu-Stein-2010",100,140
"PRKCA","CAMK2B",0.007941681,"Pathway","Wu-Stein-2010",100,79
"PRKCA","NOS3",0.007246983,"Pathway","Wu-Stein-2010",100,91
"PRKCA","ERBB2",0.007216238,"Pathway","Wu-Stein-2010",100,94
"PRKCA","PLCG2",0.00379905,"Pathway","Wu-Stein-2010",100,95
"PRKCA","GNAS",0.0039577726,"Pathway","Wu-Stein-2010",100,96
"PRKCA","PTK2B",0.004464596,"Pathway","Wu-Stein-2010",100,97
"PRKCA","PLCG1",0.004488235,"Pathway","Wu-Stein-2010",100,98
"ERBB3","CHRM1",0.0044163624,"Pathway","Wu-Stein-2010",101,20
"ERBB3","PLCB1",0.0027330308,"Pathway","Wu-Stein-2010",101,63
"ERBB3","CAMK2B",0.0050474964,"Pathway","Wu-Stein-2010",101,79
"ERBB3","MYLK",0.009244826,"Pathway","Wu-Stein-2010",101,81
"ERBB3","PRKCG",0.0029969092,"Pathway","Wu-Stein-2010",101,89
"ERBB3","ERBB2",0.0045864265,"Pathway","Wu-Stein-2010",101,94
"ERBB3","PLCG2",0.0024145632,"Pathway","Wu-Stein-2010",101,95
"ERBB3","PLCG1",0.002852589,"Pathway","Wu-Stein-2010",101,98
"ERBB3","PRKCA",0.0030046452,"Pathway","Wu-Stein-2010",101,100
"PRKCB","PLCD3",0.0060414756,"Pathway","Wu-Stein-2010",102,155
"PRKCB","ITPR2",0.014915521,"Pathway","Wu-Stein-2010",102,8
"PRKCB","PLCZ1",0.0060414756,"Pathway","Wu-Stein-2010",102,9
"PRKCB","CHRM5",0.007938434,"Pathway","Wu-Stein-2010",102,19
"PRKCB","CHRM1",0.0051276963,"Pathway","Wu-Stein-2010",102,20
"PRKCB","SPHK2",0.02448283,"Pathway","Wu-Stein-2010",102,167
"PRKCB","PLCD4",0.0060414756,"Pathway","Wu-Stein-2010",102,25
"PRKCB","CACNA1A",0.01021798,"Pathway","Wu-Stein-2010",102,26
"PRKCB","ITPR3",0.01257694,"Pathway","Wu-Stein-2010",102,27
"PRKCB","SPHK1",0.010664489,"Pathway","Wu-Stein-2010",102,168
"PRKCB","GRIN1",0.0098966425,"Pathway","Wu-Stein-2010",102,39
"PRKCB","PLCE1",0.005906963,"Pathway","Wu-Stein-2010",102,44
"PRKCB","PLCB4",0.00451633,"Pathway","Wu-Stein-2010",102,46
"PRKCB","GRIN2C",0.010828504,"Pathway","Wu-Stein-2010",102,47
"PRKCB","ITPR1",0.014480778,"Pathway","Wu-Stein-2010",102,51
"PRKCB","CHRM2",0.0077330694,"Pathway","Wu-Stein-2010",102,136
"PRKCB","CHRM3",0.0076823626,"Pathway","Wu-Stein-2010",102,54
"PRKCB","TBXA2R",0.015795643,"Pathway","Wu-Stein-2010",102,60
"PRKCB","PLCB1",0.0031732342,"Pathway","Wu-Stein-2010",102,63
"PRKCB","GRIN2D",0.010828504,"Pathway","Wu-Stein-2010",102,74
"PRKCB","ERBB4",0.005581088,"Pathway","Wu-Stein-2010",102,140
"PRKCB","CAMK2B",0.0058604856,"Pathway","Wu-Stein-2010",102,79
"PRKCB","PRKACG",0.0051030344,"Pathway","Wu-Stein-2010",102,84
"PRKCB","PLCB3",0.004424252,"Pathway","Wu-Stein-2010",102,85
"PRKCB","PRKX",0.0065337443,"Pathway","Wu-Stein-2010",102,87
"PRKCB","GRIN2A",0.009464296,"Pathway","Wu-Stein-2010",102,90
"PRKCB","NOS3",0.0053478396,"Pathway","Wu-Stein-2010",102,91
"PRKCB","ERBB2",0.005325152,"Pathway","Wu-Stein-2010",102,94
"PRKCB","PLCG2",0.0028034716,"Pathway","Wu-Stein-2010",102,95
"PRKCB","GNAS",0.0029205994,"Pathway","Wu-Stein-2010",102,96
"PRKCB","PTK2B",0.003294605,"Pathway","Wu-Stein-2010",102,97
"PRKCB","PLCG1",0.003312049,"Pathway","Wu-Stein-2010",102,98
"PRKCB","ERBB3",0.0022172485,"Pathway","Wu-Stein-2010",102,101
"PRKACB","ADCY4",0.03722681,"Pathway","Wu-Stein-2010",103,161
"PRKACB","PLN",0.03750463,"Pathway","Wu-Stein-2010",103,160
"PRKACB","ADCY2",0.028669802,"Pathway","Wu-Stein-2010",103,162
"PRKACB","ADCY8",0.032075394,"Pathway","Wu-Stein-2010",103,145
"PRKACB","ADCY3",0.021877775,"Pathway","Wu-Stein-2010",103,1
"PRKACB","PHKA1",0.027050167,"Pathway","Wu-Stein-2010",103,7
"PRKACB","PHKB",0.024450194,"Pathway","Wu-Stein-2010",103,21
"PRKACB","ADCY7",0.028669802,"Pathway","Wu-Stein-2010",103,163
"PRKACB","ADCY9",0.033846278,"Pathway","Wu-Stein-2010",103,164
"PRKACB","PHKA2",0.027050167,"Pathway","Wu-Stein-2010",103,37
"PRKACB","PHKG1",0.027050167,"Pathway","Wu-Stein-2010",103,38
"PRKACB","PHKG2",0.027050167,"Pathway","Wu-Stein-2010",103,86
"PRKACB","PRKCG",0.006780593,"Pathway","Wu-Stein-2010",103,89
"PRKACB","PRKCB",0.005016588,"Pathway","Wu-Stein-2010",103,102
"PDGFRB","PDGFRA",0.0105989305,"Pathway","Wu-Stein-2010",104,169
"PDGFRB","PLCG1",0.0069982638,"Pathway","Wu-Stein-2010",104,98
"ADRB2","GNAS",0.0117987115,"Pathway","Wu-Stein-2010",105,96
"PRKACA","ADCY4",0.019970933,"Pathway","Wu-Stein-2010",106,161
"PRKACA","PLN",0.020119973,"Pathway","Wu-Stein-2010",106,160
"PRKACA","ADCY2",0.015380385,"Pathway","Wu-Stein-2010",106,162
"PRKACA","ADCY8",0.01720737,"Pathway","Wu-Stein-2010",106,145
"PRKACA","ADCY3",0.011736691,"Pathway","Wu-Stein-2010",106,1
"PRKACA","PHKA1",0.014511505,"Pathway","Wu-Stein-2010",106,7
"PRKACA","GNA14",0.0036585461,"Pathway","Wu-Stein-2010",106,10
"PRKACA","PHKB",0.013116708,"Pathway","Wu-Stein-2010",106,21
"PRKACA","ADCY7",0.015380385,"Pathway","Wu-Stein-2010",106,163
"PRKACA","ADCY9",0.018157389,"Pathway","Wu-Stein-2010",106,164
"PRKACA","PHKA2",0.014511505,"Pathway","Wu-Stein-2010",106,37
"PRKACA","PHKG1",0.014511505,"Pathway","Wu-Stein-2010",106,38
"PRKACA","TBXA2R",0.016512636,"Pathway","Wu-Stein-2010",106,60
"PRKACA","GNAQ",0.004981868,"Pathway","Wu-Stein-2010",106,73
"PRKACA","GNA11",0.002854098,"Pathway","Wu-Stein-2010",106,77
"PRKACA","GNA15",0.0028926223,"Pathway","Wu-Stein-2010",106,83
"PRKACA","PHKG2",0.014511505,"Pathway","Wu-Stein-2010",106,86
"PRKACA","PRKCG",0.0036375604,"Pathway","Wu-Stein-2010",106,89
"PRKACA","NOS3",0.0055905874,"Pathway","Wu-Stein-2010",106,91
"PRKACA","PRKCB",0.002691231,"Pathway","Wu-Stein-2010",106,102
"EGFR","PLCB1",0.0026018487,"Pathway","Wu-Stein-2010",107,63
"EGFR","EDNRA",0.008542481,"Pathway","Wu-Stein-2010",107,67
"EGFR","PRKCG",0.002853061,"Pathway","Wu-Stein-2010",107,89
"EGFR","CAMK2A",0.0068177655,"Pathway","Wu-Stein-2010",107,92
"EGFR","ERBB2",0.004366284,"Pathway","Wu-Stein-2010",107,94
"EGFR","PLCG2",0.0022986673,"Pathway","Wu-Stein-2010",107,95
"EGFR","PLCG1",0.002715668,"Pathway","Wu-Stein-2010",107,98
"EGFR","PRKCA",0.002860426,"Pathway","Wu-Stein-2010",107,100
"EGFR","ERBB3",0.0018180019,"Pathway","Wu-Stein-2010",107,101
"EGFR","PRKCB",0.002110823,"Pathway","Wu-Stein-2010",107,102
"GNAL","ADCY4",0.0058734603,"Pathway","Wu-Stein-2010",108,161
"GNAL","ADCY2",0.0045233783,"Pathway","Wu-Stein-2010",108,162
"GNAL","ADCY8",0.0050606956,"Pathway","Wu-Stein-2010",108,145
"GNAL","ADCY3",0.003451766,"Pathway","Wu-Stein-2010",108,1
"GNAL","ADCY1",0.0052841576,"Pathway","Wu-Stein-2010",108,132
"GNAL","HTR5A",0.003376068,"Pathway","Wu-Stein-2010",108,171
"GNAL","CHRM1",0.0015765111,"Pathway","Wu-Stein-2010",108,20
"GNAL","ADCY7",0.0045233783,"Pathway","Wu-Stein-2010",108,163
"GNAL","ADCY9",0.0053400965,"Pathway","Wu-Stein-2010",108,164
"GNAL","HTR4",0.0037387977,"Pathway","Wu-Stein-2010",108,172
"GNAL","ADRB3",0.0037701186,"Pathway","Wu-Stein-2010",108,173
"GNAL","HTR7",0.0037387977,"Pathway","Wu-Stein-2010",108,174
"GNAL","ADORA2A",0.0034874708,"Pathway","Wu-Stein-2010",108,175
"GNAL","ADRB1",0.003960927,"Pathway","Wu-Stein-2010",108,176
"GNAL","HRH1",0.003613519,"Pathway","Wu-Stein-2010",108,52
"GNAL","CHRM3",0.0023619437,"Pathway","Wu-Stein-2010",108,54
"GNAL","HTR2C",0.0029823938,"Pathway","Wu-Stein-2010",108,59
"GNAL","DRD5",0.003255863,"Pathway","Wu-Stein-2010",108,177
"GNAL","HTR2B",0.003432791,"Pathway","Wu-Stein-2010",108,66
"GNAL","EDNRA",0.0032031615,"Pathway","Wu-Stein-2010",108,67
"GNAL","HTR6",0.0037387977,"Pathway","Wu-Stein-2010",108,178
"GNAL","HTR2A",0.003432791,"Pathway","Wu-Stein-2010",108,72
"GNAL","DRD1",0.003255863,"Pathway","Wu-Stein-2010",108,138
"GNAL","ADORA2B",0.0037549639,"Pathway","Wu-Stein-2010",108,179
"GNAL","ADRB2",0.0031974907,"Pathway","Wu-Stein-2010",108,105
"ADCY5","EDNRA",0.08965763,"Pathway","Wu-Stein-2010",109,67
"ADCY5","PRKACG",0.043914877,"Pathway","Wu-Stein-2010",109,84
"ADCY5","PRKX",0.05622705,"Pathway","Wu-Stein-2010",109,87
"ADCY5","GNAS",0.025133627,"Pathway","Wu-Stein-2010",109,96
"ADCY5","PRKACB",0.04317095,"Pathway","Wu-Stein-2010",109,103
"ADCY5","PRKACA",0.023159765,"Pathway","Wu-Stein-2010",109,106
"ADCY5","GNAL",0.0068112975,"Pathway","Wu-Stein-2010",109,108
"ADCY6","EDNRA",0.077312805,"Pathway","Wu-Stein-2010",110,67
"ADCY6","PRKACG",0.037868306,"Pathway","Wu-Stein-2010",110,84
"ADCY6","PRKX",0.04848523,"Pathway","Wu-Stein-2010",110,87
"ADCY6","GNAS",0.021673018,"Pathway","Wu-Stein-2010",110,96
"ADCY6","PRKACB",0.03722681,"Pathway","Wu-Stein-2010",110,103
"ADCY6","PRKACA",0.019970933,"Pathway","Wu-Stein-2010",110,106
"ADCY6","GNAL",0.0058734603,"Pathway","Wu-Stein-2010",110,108
"TAC1","TACR1",0.46079707,"Pathway","Wu-Stein-2010",111,15
"TAC1","TACR2",0.8312539,"Pathway","Wu-Stein-2010",111,180
"CCK","CCKBR",0.5579184,"Pathway","Wu-Stein-2010",112,159
"CCK","CCKAR",0.62243617,"Pathway","Wu-Stein-2010",112,68
"CYCS","SLC25A31",0.22837898,"Pathway","Wu-Stein-2010",113,181
"CYCS","VDAC3",0.22837898,"Pathway","Wu-Stein-2010",113,182
"CYCS","VDAC1",0.22837898,"Pathway","Wu-Stein-2010",113,126
"CYCS","VDAC2",0.22837898,"Pathway","Wu-Stein-2010",113,127
"CYCS","PPID",0.22837898,"Pathway","Wu-Stein-2010",113,183
"CYCS","SLC25A4",0.050963305,"Pathway","Wu-Stein-2010",113,137
"CYCS","SLC25A6",0.05811249,"Pathway","Wu-Stein-2010",113,69
"CYCS","SLC25A5",0.05811249,"Pathway","Wu-Stein-2010",113,78
"TAC3","TACR3",0.78511626,"Pathway","Wu-Stein-2010",114,57
"GUCY1A2","NOS2",0.13467138,"Pathway","Wu-Stein-2010",115,80
"GUCY1A2","NOS1",0.1536882,"Pathway","Wu-Stein-2010",115,88
"GUCY1A2","NOS3",0.073274374,"Pathway","Wu-Stein-2010",115,91
"GRIA1","GRIN1",0.07604471,"Pathway","Wu-Stein-2010",116,39
"GRIA1","GRIN2C",0.08320504,"Pathway","Wu-Stein-2010",116,47
"GRIA1","CAMK2D",0.06891188,"Pathway","Wu-Stein-2010",116,62
"GRIA1","GRIN2D",0.08320504,"Pathway","Wu-Stein-2010",116,74
"GRIA1","CAMK2B",0.045031324,"Pathway","Wu-Stein-2010",116,79
"GRIA1","PRKACG",0.039211154,"Pathway","Wu-Stein-2010",116,84
"GRIA1","PRKX",0.05020457,"Pathway","Wu-Stein-2010",116,87
"GRIA1","GRIN2A",0.07272261,"Pathway","Wu-Stein-2010",116,90
"GRIA1","CAMK2A",0.06389152,"Pathway","Wu-Stein-2010",116,92
"GRIA1","PRKACB",0.038546912,"Pathway","Wu-Stein-2010",116,103
"GRIA1","PRKACA",0.020679122,"Pathway","Wu-Stein-2010",116,106
"TRPM5","ITPR3",0.5175203,"Pathway","Wu-Stein-2010",117,27
"GUCY1A3","NOS2",0.13467138,"Pathway","Wu-Stein-2010",118,80
"GUCY1A3","NOS1",0.1536882,"Pathway","Wu-Stein-2010",118,88
"GUCY1A3","NOS3",0.073274374,"Pathway","Wu-Stein-2010",118,91
"ADCY10","GNAS",0.097537726,"Pathway","Wu-Stein-2010",119,96
"ADCY10","GNAL",0.02643305,"Pathway","Wu-Stein-2010",119,108
"GUCY1B3","NOS2",0.12256494,"Pathway","Wu-Stein-2010",120,80
"GUCY1B3","NOS1",0.13987222,"Pathway","Wu-Stein-2010",120,88
"GUCY1B3","NOS3",0.06668729,"Pathway","Wu-Stein-2010",120,91
"GRIA2","GRIN1",0.07604471,"Pathway","Wu-Stein-2010",121,39
"GRIA2","GRIN2C",0.08320504,"Pathway","Wu-Stein-2010",121,47
"GRIA2","CAMK2D",0.06891188,"Pathway","Wu-Stein-2010",121,62
"GRIA2","GRIN2D",0.08320504,"Pathway","Wu-Stein-2010",121,74
"GRIA2","CAMK2B",0.045031324,"Pathway","Wu-Stein-2010",121,79
"GRIA2","PRKACG",0.039211154,"Pathway","Wu-Stein-2010",121,84
"GRIA2","PRKX",0.05020457,"Pathway","Wu-Stein-2010",121,87
"GRIA2","GRIN2A",0.07272261,"Pathway","Wu-Stein-2010",121,90
"GRIA2","CAMK2A",0.06389152,"Pathway","Wu-Stein-2010",121,92
"GRIA2","PRKACB",0.038546912,"Pathway","Wu-Stein-2010",121,103
"GRIA2","PRKACA",0.020679122,"Pathway","Wu-Stein-2010",121,106
"GNAZ","ADCY4",0.02403018,"Pathway","Wu-Stein-2010",122,161
"GNAZ","ADCY2",0.018506568,"Pathway","Wu-Stein-2010",122,162
"GNAZ","ADCY8",0.020704903,"Pathway","Wu-Stein-2010",122,145
"GNAZ","ADCY3",0.014122265,"Pathway","Wu-Stein-2010",122,1
"GNAZ","ADCY1",0.021619156,"Pathway","Wu-Stein-2010",122,132
"GNAZ","HTR5A",0.01381256,"Pathway","Wu-Stein-2010",122,171
"GNAZ","ADCY7",0.018506568,"Pathway","Wu-Stein-2010",122,163
"GNAZ","ADCY9",0.02184802,"Pathway","Wu-Stein-2010",122,164
"GNAZ","BDKRB2",0.012908591,"Pathway","Wu-Stein-2010",122,29
"GNAZ","BDKRB1",0.012913465,"Pathway","Wu-Stein-2010",122,45
"GNAZ","CHRM2",0.009727241,"Pathway","Wu-Stein-2010",122,136
"GNAZ","EDNRB",0.01839409,"Pathway","Wu-Stein-2010",122,55
"GNAZ","NOS3",0.006726918,"Pathway","Wu-Stein-2010",122,91
"GNAZ","PLCG1",0.004166146,"Pathway","Wu-Stein-2010",122,98
"GNAZ","PDGFRB",0.006842318,"Pathway","Wu-Stein-2010",122,104
"GNAZ","ADCY5",0.027867168,"Pathway","Wu-Stein-2010",122,109
"GNAZ","ADCY6",0.02403018,"Pathway","Wu-Stein-2010",122,110
"GNAI3","ADCY4",0.015731819,"Pathway","Wu-Stein-2010",123,161
"GNAI3","ADCY2",0.01211568,"Pathway","Wu-Stein-2010",123,162
"GNAI3","ADCY8",0.013554862,"Pathway","Wu-Stein-2010",123,145
"GNAI3","ADCY3",0.009245412,"Pathway","Wu-Stein-2010",123,1
"GNAI3","ADCY1",0.014153396,"Pathway","Wu-Stein-2010",123,132
"GNAI3","HTR5A",0.009042658,"Pathway","Wu-Stein-2010",123,171
"GNAI3","ADRA1A",0.009028193,"Pathway","Wu-Stein-2010",123,18
"GNAI3","CHRM5",0.0065372414,"Pathway","Wu-Stein-2010",123,19
"GNAI3","CHRM1",0.0042226193,"Pathway","Wu-Stein-2010",123,20
"GNAI3","ADCY7",0.01211568,"Pathway","Wu-Stein-2010",123,163
"GNAI3","ADCY9",0.014303227,"Pathway","Wu-Stein-2010",123,164
"GNAI3","BDKRB2",0.008450858,"Pathway","Wu-Stein-2010",123,29
"GNAI3","HTR4",0.010014214,"Pathway","Wu-Stein-2010",123,172
"GNAI3","PTGER1",0.01571295,"Pathway","Wu-Stein-2010",123,32
"GNAI3","HTR7",0.010014214,"Pathway","Wu-Stein-2010",123,174
"GNAI3","GRM1",0.008261562,"Pathway","Wu-Stein-2010",123,33
"GNAI3","ADORA2A",0.009341045,"Pathway","Wu-Stein-2010",123,175
"GNAI3","GRM5",0.0077104303,"Pathway","Wu-Stein-2010",123,40
"GNAI3","BDKRB1",0.008454049,"Pathway","Wu-Stein-2010",123,45
"GNAI3","PLCB4",0.0037191643,"Pathway","Wu-Stein-2010",123,46
"GNAI3","CHRM2",0.006368125,"Pathway","Wu-Stein-2010",123,136
"GNAI3","CHRM3",0.006326368,"Pathway","Wu-Stein-2010",123,54
"GNAI3","EDNRB",0.012042044,"Pathway","Wu-Stein-2010",123,55
"GNAI3","HTR2C",0.007988217,"Pathway","Wu-Stein-2010",123,59
"GNAI3","ADRA1D",0.00951238,"Pathway","Wu-Stein-2010",123,61
"GNAI3","PLCB1",0.0026131344,"Pathway","Wu-Stein-2010",123,63
"GNAI3","ADRA1B",0.007417417,"Pathway","Wu-Stein-2010",123,64
"GNAI3","DRD5",0.008720693,"Pathway","Wu-Stein-2010",123,177
"GNAI3","HTR2B",0.009194587,"Pathway","Wu-Stein-2010",123,66
"GNAI3","HTR6",0.010014214,"Pathway","Wu-Stein-2010",123,178
"GNAI3","HTR2A",0.009194587,"Pathway","Wu-Stein-2010",123,72
"GNAI3","DRD1",0.008720693,"Pathway","Wu-Stein-2010",123,138
"GNAI3","ADORA2B",0.0100575145,"Pathway","Wu-Stein-2010",123,179
"GNAI3","PLCB3",0.0036433386,"Pathway","Wu-Stein-2010",123,85
"GNAI3","NOS3",0.0044039064,"Pathway","Wu-Stein-2010",123,91
"GNAI3","GNAS",0.002405092,"Pathway","Wu-Stein-2010",123,96
"GNAI3","PLCG1",0.0027274473,"Pathway","Wu-Stein-2010",123,98
"GNAI3","PDGFRB",0.004479455,"Pathway","Wu-Stein-2010",123,104
"GNAI3","GNAL",0.00065178797,"Pathway","Wu-Stein-2010",123,108
"GNAI3","ADCY5",0.018243777,"Pathway","Wu-Stein-2010",123,109
"GNAI3","ADCY6",0.015731819,"Pathway","Wu-Stein-2010",123,110
"GNAI3","GNAZ",0.0026666704,"Pathway","Wu-Stein-2010",123,122
"GNAI2","ADCY4",0.01519978,"Pathway","Wu-Stein-2010",124,161
"GNAI2","ADCY2",0.011705936,"Pathway","Wu-Stein-2010",124,162
"GNAI2","ADCY8",0.013096445,"Pathway","Wu-Stein-2010",124,145
"GNAI2","ADCY3",0.008932739,"Pathway","Wu-Stein-2010",124,1
"GNAI2","ADCY1",0.013674738,"Pathway","Wu-Stein-2010",124,132
"GNAI2","LTB4R2",0.015674127,"Pathway","Wu-Stein-2010",124,158
"GNAI2","HTR5A",0.00873684,"Pathway","Wu-Stein-2010",124,171
"GNAI2","ADRA1A",0.008722865,"Pathway","Wu-Stein-2010",124,18
"GNAI2","CHRM5",0.0063161566,"Pathway","Wu-Stein-2010",124,19
"GNAI2","CHRM1",0.0040798136,"Pathway","Wu-Stein-2010",124,20
"GNAI2","ADCY7",0.011705936,"Pathway","Wu-Stein-2010",124,163
"GNAI2","ADCY9",0.0138195,"Pathway","Wu-Stein-2010",124,164
"GNAI2","BDKRB2",0.008165055,"Pathway","Wu-Stein-2010",124,29
"GNAI2","HTR4",0.00967554,"Pathway","Wu-Stein-2010",124,172
"GNAI2","PTGER1",0.015181549,"Pathway","Wu-Stein-2010",124,32
"GNAI2","HTR7",0.00967554,"Pathway","Wu-Stein-2010",124,174
"GNAI2","GRM1",0.007982161,"Pathway","Wu-Stein-2010",124,33
"GNAI2","ADORA2A",0.009025137,"Pathway","Wu-Stein-2010",124,175
"GNAI2","GRM5",0.007449669,"Pathway","Wu-Stein-2010",124,40
"GNAI2","BDKRB1",0.008168139,"Pathway","Wu-Stein-2010",124,45
"GNAI2","PLCB4",0.0035933848,"Pathway","Wu-Stein-2010",124,46
"GNAI2","CHRM2",0.0061527593,"Pathway","Wu-Stein-2010",124,136
"GNAI2","CHRM3",0.006112415,"Pathway","Wu-Stein-2010",124,54
"GNAI2","EDNRB",0.011634791,"Pathway","Wu-Stein-2010",124,55
"GNAI2","HTR2C",0.007718062,"Pathway","Wu-Stein-2010",124,59
"GNAI2","ADRA1D",0.009190678,"Pathway","Wu-Stein-2010",124,61
"GNAI2","PLCB1",0.00252476,"Pathway","Wu-Stein-2010",124,63
"GNAI2","ADRA1B",0.007166565,"Pathway","Wu-Stein-2010",124,64
"GNAI2","DRD5",0.008425765,"Pathway","Wu-Stein-2010",124,177
"GNAI2","HTR2B",0.008883633,"Pathway","Wu-Stein-2010",124,66
"GNAI2","HTR6",0.00967554,"Pathway","Wu-Stein-2010",124,178
"GNAI2","HTR2A",0.008883633,"Pathway","Wu-Stein-2010",124,72
"GNAI2","DRD1",0.008425765,"Pathway","Wu-Stein-2010",124,138
"GNAI2","ADORA2B",0.009717376,"Pathway","Wu-Stein-2010",124,179
"GNAI2","PLCB3",0.0035201232,"Pathway","Wu-Stein-2010",124,85
"GNAI2","NOS3",0.004254969,"Pathway","Wu-Stein-2010",124,91
"GNAI2","GNAS",0.0023237534,"Pathway","Wu-Stein-2010",124,96
"GNAI2","PLCG1",0.002635207,"Pathway","Wu-Stein-2010",124,98
"GNAI2","PDGFRB",0.0043279626,"Pathway","Wu-Stein-2010",124,104
"GNAI2","GNAL",0.00062974496,"Pathway","Wu-Stein-2010",124,108
"GNAI2","ADCY5",0.017626785,"Pathway","Wu-Stein-2010",124,109
"GNAI2","ADCY6",0.01519978,"Pathway","Wu-Stein-2010",124,110
"GNAI2","GNAZ",0.0025764853,"Pathway","Wu-Stein-2010",124,122
"GNAI2","GNAI3",0.0016867457,"Pathway","Wu-Stein-2010",124,123
"GNAQ","ADRA1A",0.18898278,"Pathway","IMID",73,18
"GNAQ","CHRM1",0.14192577,"Pathway","IMID",73,20
"GNAQ","GRM1",0.13189436,"Pathway","IMID",73,33
"GNAQ","PTAFR",0.17285046,"Pathway","IMID",73,36
"GNAQ","BDKRB1",0.1617183,"Pathway","IMID",73,45
"GNAQ","PLCB1",0.1469346,"Pathway","IMID",73,63
"GNAQ","HTR2A",0.26534364,"Pathway","IMID",73,72
"PPP3R1","CACNA1C",0.05063292,"Pathway","IMID",76,23
"PPP3R1","ITPR1",0.08227041,"Pathway","IMID",76,51
"GNA11","ADRA1A",0.27255848,"Pathway","IMID",77,18
"GNA11","CHRM1",0.20469096,"Pathway","IMID",77,20
"GNA11","GRM1",0.19022329,"Pathway","IMID",77,33
"GNA11","BDKRB1",0.23323654,"Pathway","IMID",77,45
"GNA11","PLCB1",0.21191491,"Pathway","IMID",77,63
"NOS1","PPP3R1",0.06987605,"Pathway","IMID",88,76
"GRIN2A","PPP3R1",0.030939512,"Pathway","IMID",90,76
"CAMK2A","RYR1",0.05458761,"Pathway","IMID",92,28
"CAMK2A","CACNA1B",0.03570768,"Pathway","IMID",92,42
"CAMK2A","NOS1",0.046835426,"Pathway","IMID",92,88
"CAMK2A","GRIN2A",0.020737652,"Pathway","IMID",92,90
"GNAS","ADCY2",0.2010392,"Pathway","IMID",96,162
"GNAS","ADCY1",0.18372162,"Pathway","IMID",96,132
"GNAS","HTR4",0.29783145,"Pathway","IMID",96,172
"GNAS","ADORA2A",0.29783145,"Pathway","IMID",96,175
"GNAS","DRD1",0.20365493,"Pathway","IMID",96,138
"PLCG1","GRIN2A",0.057499673,"Pathway","IMID",98,90
"PRKCA","ADCY2",0.08904195,"Pathway","IMID",100,162
"PRKCA","CACNA1C",0.03839487,"Pathway","IMID",100,23
"PRKCA","CACNA1B",0.040397618,"Pathway","IMID",100,42
"PRKCA","GRIN2A",0.023461387,"Pathway","IMID",100,90
"ADRB2","GNAS",0.1483628,"Pathway","IMID",105,96
"PRKACA","CACNA1A",0.04475281,"Pathway","IMID",106,26
"PRKACA","PLCB1",0.056250833,"Pathway","IMID",106,63
"PRKACA","DRD1",0.068274945,"Pathway","IMID",106,138
"PRKACA","GRIN2A",0.017758498,"Pathway","IMID",106,90
"PRKACA","PLCG1",0.033402804,"Pathway","IMID",106,98
"PRKACA","ADRB2",0.049738362,"Pathway","IMID",106,105
"CALM1","PDE1C",0.16396633,"Pathway","IMID",125,146
"CALM1","PDE1A",0.16396633,"Pathway","IMID",125,2
"CALM1","ADCY1",0.060200233,"Pathway","IMID",125,132
"CALM1","RYR1",0.04568906,"Pathway","IMID",125,28
"CALM1","ATP2B1",0.1007353,"Pathway","IMID",125,128
"CALM1","ITPR1",0.04615385,"Pathway","IMID",125,51
"CALM1","PDE1B",0.16396633,"Pathway","IMID",125,58
"CALM1","PLCB1",0.054979455,"Pathway","IMID",125,63
"CALM1","PPP3R1",0.017567199,"Pathway","IMID",125,76
"CALM1","MYLK",0.089059226,"Pathway","IMID",125,81
"CALM1","CAMK4",0.044681884,"Pathway","IMID",125,82
"CALM1","NOS1",0.03920059,"Pathway","IMID",125,88
"CALM1","GRIN2A",0.01735712,"Pathway","IMID",125,90
"CALM1","CAMK2A",0.011774667,"Pathway","IMID",125,92
"ADCY5","GNAS",0.20364198,"Pathway","IMID",109,96
"GRIA1","CAMK2A",0.0269989,"Pathway","IMID",116,92
"GRIA1","PRKCA",0.030545004,"Pathway","IMID",116,100
"GNAZ","ADCY1",0.28304935,"Pathway","IMID",122,132
"GNAZ","ADCY5",0.3137395,"Pathway","IMID",122,109
"GNAI3","ADCY2",0.09881442,"Pathway","IMID",123,162
"GNAI3","PTAFR",0.09701716,"Pathway","IMID",123,36
"GNAI3","BDKRB1",0.090768926,"Pathway","IMID",123,45
"GNAI3","CHRM2",0.08742071,"Pathway","IMID",123,136
"GNAI3","DRD1",0.1001001,"Pathway","IMID",123,138
"GNAI3","ADCY5",0.100093745,"Pathway","IMID",123,109
"CAMK2B","CAMK2D",0.21272907,"Pathway","CELL_MAP",79,62
"CAMK2A","CAMK2D",0.24047317,"Pathway","CELL_MAP",92,62
"CAMK2A","CAMK2B",0.24047317,"Pathway","CELL_MAP",92,79
"EGFR","CAMK2A",0.07191622,"Pathway","CELL_MAP",107,92
"CALM1","PDE1A",0.08111071,"Physical Interactions","Berggrd-James-2006",125,2
"CALM1","ATP2B3",0.08111071,"Physical Interactions","Berggrd-James-2006",125,184
"CALM1","ATP2B4",0.08111071,"Physical Interactions","Berggrd-James-2006",125,142
"CALM1","PHKB",0.08111071,"Physical Interactions","Berggrd-James-2006",125,21
"CALM1","ATP2B1",0.08111071,"Physical Interactions","Berggrd-James-2006",125,128
"CALM1","ITPR1",0.08111071,"Physical Interactions","Berggrd-James-2006",125,51
"CALM1","PDE1B",0.08111071,"Physical Interactions","Berggrd-James-2006",125,58
"CALM1","CAMK2D",0.08111071,"Physical Interactions","Berggrd-James-2006",125,62
"CALM1","PPP3CB",0.08111071,"Physical Interactions","Berggrd-James-2006",125,71
"CALM1","CAMK2B",0.08111071,"Physical Interactions","Berggrd-James-2006",125,79
"CALM1","NOS1",0.08111071,"Physical Interactions","Berggrd-James-2006",125,88
"CALM1","CAMK2A",0.08111071,"Physical Interactions","Berggrd-James-2006",125,92
"CALM1","PPP3CA",0.08111071,"Physical Interactions","Berggrd-James-2006",125,99
"CALM1","PRKCA",0.08111071,"Physical Interactions","Berggrd-James-2006",125,100
"ITPR3","ATP2A1",0.6925315,"Physical Interactions","Havugimana-Emili-2012",27,133
"VDAC1","VDAC3",0.039256055,"Physical Interactions","Havugimana-Emili-2012",126,182
"ATP2A2","ITPR3",0.43715176,"Physical Interactions","Havugimana-Emili-2012",35,27
"VDAC2","VDAC3",0.028020116,"Physical Interactions","Havugimana-Emili-2012",127,182
"VDAC2","VDAC1",0.04222975,"Physical Interactions","Havugimana-Emili-2012",127,126
"GNAS","GNAQ",0.42080078,"Physical Interactions","Havugimana-Emili-2012",96,73
"GNAS","GNA11",0.37100935,"Physical Interactions","Havugimana-Emili-2012",96,77
"PPP3CA","PPP3R1",0.6324555,"Physical Interactions","Havugimana-Emili-2012",99,76
"PRKACA","PRKACB",0.76536685,"Physical Interactions","Havugimana-Emili-2012",106,103
"GNAI2","GNAI3",0.12783921,"Physical Interactions","Havugimana-Emili-2012",124,123
"ADRB2","ATP2B4",0.08138112,"Physical Interactions","Roy-Parent-2013",105,142
"ADRB2","ATP2A2",0.08138112,"Physical Interactions","Roy-Parent-2013",105,35
"ADRB2","VDAC2",0.08138112,"Physical Interactions","Roy-Parent-2013",105,127
"ADRB2","MYLK2",0.08138112,"Physical Interactions","Roy-Parent-2013",105,56
"ADRB2","SLC25A6",0.08138112,"Physical Interactions","Roy-Parent-2013",105,69
"ADRB2","SLC25A5",0.08138112,"Physical Interactions","Roy-Parent-2013",105,78
"CALM1","ADRB2",0.08138112,"Physical Interactions","Roy-Parent-2013",125,105
"GNAI3","ADRB2",0.08138112,"Physical Interactions","Roy-Parent-2013",123,105
"CAMK2A","CAMK2G",0.57735026,"Physical Interactions","So-Colwill-2015",92,135
"CAMK2A","CAMK2D",0.57735026,"Physical Interactions","So-Colwill-2015",92,62
"CAMK2A","CAMK2D",0.52451396,"Physical Interactions","Ewing-Figeys-2007",92,62
"CAMK2A","CAMK2B",0.52451396,"Physical Interactions","Ewing-Figeys-2007",92,79
"CALM1","CAMK2A",0.1507864,"Physical Interactions","Ewing-Figeys-2007",125,92
"PHKG2","PHKA1",0.2560632,"Physical Interactions","Varjosalo-Superti-Furga-2013",86,7
"PHKG2","PHKA2",0.2560632,"Physical Interactions","Varjosalo-Superti-Furga-2013",86,37
"PHKG2","VDAC2",0.2560632,"Physical Interactions","Varjosalo-Superti-Furga-2013",86,127
"PRKACA","PRKACG",0.24030517,"Physical Interactions","Varjosalo-Superti-Furga-2013",106,84
"PRKACA","PRKACB",0.014032602,"Physical Interactions","Varjosalo-Superti-Furga-2013",106,103
"CALML3","ITPR3",0.017851269,"Physical Interactions","Hein-Mann-2015",41,27
"CALML3","CAMK2G",0.019049287,"Physical Interactions","Hein-Mann-2015",41,135
"ATP2B1","CALML3",0.016607584,"Physical Interactions","Hein-Mann-2015",128,41
"PHKG2","PHKA1",0.29776525,"Physical Interactions","Hein-Mann-2015",86,7
"PHKG2","PHKB",0.24706681,"Physical Interactions","Hein-Mann-2015",86,21
"PHKG2","PHKA2",0.12243889,"Physical Interactions","Hein-Mann-2015",86,37
"GNAS","CALML3",0.01662155,"Physical Interactions","Hein-Mann-2015",96,41
"PRKACB","PRKX",0.3017848,"Physical Interactions","Hein-Mann-2015",103,87
"PRKACA","PRKACB",0.048649248,"Physical Interactions","Hein-Mann-2015",106,103
"CALM1","CALML3",0.018088067,"Physical Interactions","Hein-Mann-2015",125,41
"TOMM40","ATP2B1",0.06905001,"Physical Interactions","Hein-Mann-2015",129,128
"GNAI2","CALML3",0.027168566,"Physical Interactions","Hein-Mann-2015",124,41
"CAMK2D","RYR2",0.5711087,"Physical Interactions","IREF-DIP",62,6
"CAMK2D","CAMK2G",0.27045473,"Physical Interactions","IREF-DIP",62,135
"CAMK2B","CAMK2D",0.30113488,"Physical Interactions","IREF-DIP",79,62
"PLCB3","GNAQ",0.70710677,"Physical Interactions","IREF-DIP",85,73
"GRIN2A","NOS1",0.4883131,"Physical Interactions","IREF-DIP",90,88
"CAMK2A","CAMK2D",0.39793822,"Physical Interactions","IREF-DIP",92,62
"PPP3CA","PPP3R1",0.5,"Physical Interactions","IREF-DIP",99,76
"PDGFRB","PLCG1",0.06977711,"Physical Interactions","IREF-DIP",104,98
"ADRB2","GNAS",0.75775373,"Physical Interactions","IREF-DIP",105,96
"CALM1","CACNA1D",0.11377755,"Physical Interactions","IREF-DIP",125,4
"CALM1","ATP2B4",0.12035528,"Physical Interactions","IREF-DIP",125,142
"CALM1","CACNA1C",0.031483587,"Physical Interactions","IREF-DIP",125,23
"CALM1","CACNA1A",0.09619344,"Physical Interactions","IREF-DIP",125,26
"CALM1","CAMK2G",0.07732777,"Physical Interactions","IREF-DIP",125,135
"CALM1","GRM5",0.2416963,"Physical Interactions","IREF-DIP",125,40
"CALM1","CACNA1B",0.2416963,"Physical Interactions","IREF-DIP",125,42
"CALM1","CAMK2D",0.04170551,"Physical Interactions","IREF-DIP",125,62
"CALM1","CAMK2B",0.08609977,"Physical Interactions","IREF-DIP",125,79
"CALM1","CAMK4",0.2416963,"Physical Interactions","IREF-DIP",125,82
"CALM1","CAMK2A",0.11377755,"Physical Interactions","IREF-DIP",125,92
"GNAI2","ADCY2",0.2946337,"Physical Interactions","IREF-DIP",124,162
"ERBB3","SLC25A6",0.042992506,"Physical Interactions","Li-Haura-2013",101,69
"ERBB3","SLC25A5",0.042992506,"Physical Interactions","Li-Haura-2013",101,78
"EGFR","ATP2B4",0.14430034,"Physical Interactions","Li-Haura-2013",107,142
"EGFR","ATP2A2",0.08907033,"Physical Interactions","Li-Haura-2013",107,35
"EGFR","ERBB2",0.048017737,"Physical Interactions","Li-Haura-2013",107,94
"EGFR","ERBB3",0.0023117603,"Physical Interactions","Li-Haura-2013",107,101
"EGFR","PDGFRA",0.09090909,"Physical Interactions","Kotlyar-Jurisica-2015",107,169
"EGFR","PLCG2",0.09090909,"Physical Interactions","Kotlyar-Jurisica-2015",107,95
"EGFR","PRKCA",0.09090909,"Physical Interactions","Kotlyar-Jurisica-2015",107,100
"EGFR","CALM1",0.09090909,"Physical Interactions","Kotlyar-Jurisica-2015",107,125
"EGFR","PDGFRA",0.090535745,"Physical Interactions","Petschnigg-Stagljar-2014",107,169
"EGFR","PLCG2",0.090535745,"Physical Interactions","Petschnigg-Stagljar-2014",107,95
"EGFR","PRKCA",0.090535745,"Physical Interactions","Petschnigg-Stagljar-2014",107,100
"EGFR","CALM1",0.090535745,"Physical Interactions","Petschnigg-Stagljar-2014",107,125
"NOS2","ATP2A2",0.08574929,"Physical Interactions","Foster-Marshall-2013",80,35
"NOS2","SLC25A5",0.08574929,"Physical Interactions","Foster-Marshall-2013",80,78
"PPP3CA","PPP3R1",0.70710677,"Physical Interactions","Yu-Vidal-2011",99,76
"CALM1","CACNA1A",0.11270303,"Physical Interactions","Kahle-Zoghbi-2011",125,26
"PLCG1","RYR1",0.09464208,"Physical Interactions","Wu-Li-2007",98,28
"CAMK2B","PHKB",0.31510502,"Physical Interactions","Rolland-Vidal-2014",79,21
"PPP3CA","PPP3R1",0.76536685,"Physical Interactions","Rolland-Vidal-2014",99,76
"PLCG2","ERBB2",0.08070419,"Physical Interactions","Jones-MacBeath-2006",95,94
"PLCG1","ERBB2",0.07877888,"Physical Interactions","Jones-MacBeath-2006",98,94
"ERBB3","PLCG1",0.12257317,"Physical Interactions","Jones-MacBeath-2006",101,98
"EGFR","PLCG2",0.109668575,"Physical Interactions","Jones-MacBeath-2006",107,95
"P2RX3","P2RX2",0.6570666,"Physical Interactions","IREF-HPRD",130,147
"P2RX1","P2RX2",0.6570666,"Physical Interactions","IREF-HPRD",131,147
"ADCY1","ADCY2",0.6518362,"Physical Interactions","IREF-HPRD",132,162
"RYR2","RYR3",0.28474542,"Physical Interactions","IREF-HPRD",6,3
"ATP2A1","PLN",0.24092504,"Physical Interactions","IREF-HPRD",133,160
"TRPC1","ITPR2",0.17918427,"Physical Interactions","IREF-HPRD",134,8
"CACNA1C","RYR2",0.09751466,"Physical Interactions","IREF-HPRD",23,6
"ITPR3","TRPC1",0.08045137,"Physical Interactions","IREF-HPRD",27,134
"RYR1","CACNA1S",0.23295166,"Physical Interactions","IREF-HPRD",28,5
"RYR1","RYR2",0.07456694,"Physical Interactions","IREF-HPRD",28,6
"CAMK2G","ADCY3",0.147039,"Physical Interactions","IREF-HPRD",135,1
"CAMK2G","RYR1",0.048264917,"Physical Interactions","IREF-HPRD",135,28
"PTGER1","PTGER3",0.6249194,"Physical Interactions","IREF-HPRD",32,157
"PTGER1","PTGFR",0.22048788,"Physical Interactions","IREF-HPRD",32,14
"ATP2A2","PLN",0.22774905,"Physical Interactions","IREF-HPRD",35,160
"AGTR1","BDKRB2",0.06897072,"Physical Interactions","IREF-HPRD",48,29
"ITPR1","RYR2",0.03692991,"Physical Interactions","IREF-HPRD",51,6
"ITPR1","ITPR3",0.040399574,"Physical Interactions","IREF-HPRD",51,27
"ITPR1","GRM1",0.049890663,"Physical Interactions","IREF-HPRD",51,33
"CHRM2","GNA14",0.17433777,"Physical Interactions","IREF-HPRD",136,10
"ADRA1D","ADRA1A",0.13678439,"Physical Interactions","IREF-HPRD",61,18
"ADRA1B","ADRA1A",0.10608954,"Physical Interactions","IREF-HPRD",64,18
"SLC25A4","PPID",0.24706699,"Physical Interactions","IREF-HPRD",137,183
"PPP3CB","SLC8A3",0.293824,"Physical Interactions","IREF-HPRD",71,185
"PPP3CB","SLC8A2",0.293824,"Physical Interactions","IREF-HPRD",71,141
"PPP3CB","SLC8A1",0.19932362,"Physical Interactions","IREF-HPRD",71,186
"GNAQ","PLCB2",0.058921296,"Physical Interactions","IREF-HPRD",73,31
"GNAQ","BDKRB1",0.24206777,"Physical Interactions","IREF-HPRD",73,45
"GNAQ","HTR2C",0.05371613,"Physical Interactions","IREF-HPRD",73,59
"GNAQ","TBXA2R",0.039554883,"Physical Interactions","IREF-HPRD",73,60
"GNAQ","PLCB1",0.035871413,"Physical Interactions","IREF-HPRD",73,63
"GNAQ","ADRA1B",0.033418152,"Physical Interactions","IREF-HPRD",73,64
"GNAQ","HTR2B",0.12459524,"Physical Interactions","IREF-HPRD",73,66
"GNAQ","HTR6",0.13331148,"Physical Interactions","IREF-HPRD",73,178
"GNAQ","HTR2A",0.019758629,"Physical Interactions","IREF-HPRD",73,72
"GRIN2D","GRIN1",0.018089337,"Physical Interactions","IREF-HPRD",74,39
"DRD1","GRIN1",0.033490848,"Physical Interactions","IREF-HPRD",138,39
"GNA11","BDKRB2",0.07288038,"Physical Interactions","IREF-HPRD",77,29
"GNA11","CHRM2",0.094748385,"Physical Interactions","IREF-HPRD",77,136
"GNA11","EDNRB",0.10743559,"Physical Interactions","IREF-HPRD",77,55
"GNA11","TBXA2R",0.09870524,"Physical Interactions","IREF-HPRD",77,60
"GNA11","ADRA1B",0.083391644,"Physical Interactions","IREF-HPRD",77,64
"GNA11","HTR2B",0.31091493,"Physical Interactions","IREF-HPRD",77,66
"GNA11","EDNRA",0.122811735,"Physical Interactions","IREF-HPRD",77,67
"GNA11","HTR2A",0.049305674,"Physical Interactions","IREF-HPRD",77,72
"CAMK2B","CAMK2D",0.12644732,"Physical Interactions","IREF-HPRD",79,62
"CAMK2B","ITPKA",0.21032242,"Physical Interactions","IREF-HPRD",79,65
"MYLK","CAMK2G",0.0642811,"Physical Interactions","IREF-HPRD",81,135
"GNA15","CHRM2",0.07624275,"Physical Interactions","IREF-HPRD",83,136
"PLCB3","CAMK2G",0.052324787,"Physical Interactions","IREF-HPRD",85,135
"PLCB3","CAMK2B",0.09435972,"Physical Interactions","IREF-HPRD",85,79
"PHKG2","PHKG1",0.7156201,"Physical Interactions","IREF-HPRD",86,38
"NOS1","ADRA1A",0.04360807,"Physical Interactions","IREF-HPRD",88,18
"NOS1","BDKRB2",0.042756837,"Physical Interactions","IREF-HPRD",88,29
"NOS1","ADRB1",0.038915183,"Physical Interactions","IREF-HPRD",88,176
"NOS1","ADRA1D",0.06307852,"Physical Interactions","IREF-HPRD",88,61
"NOS1","ADRA1B",0.0489235,"Physical Interactions","IREF-HPRD",88,64
"NOS1","CAMK4",0.06759105,"Physical Interactions","IREF-HPRD",88,82
"PRKCG","GRIN1",0.012138662,"Physical Interactions","IREF-HPRD",89,39
"PRKCG","GRM5",0.03284803,"Physical Interactions","IREF-HPRD",89,40
"PRKCG","GRIN2D",0.016034748,"Physical Interactions","IREF-HPRD",89,74
"GRIN2A","GRIN1",0.023149706,"Physical Interactions","IREF-HPRD",90,39
"GRIN2A","CAMK2B",0.05941255,"Physical Interactions","IREF-HPRD",90,79
"NOS3","BDKRB2",0.0816341,"Physical Interactions","IREF-HPRD",91,29
"NOS3","AGTR1",0.061935123,"Physical Interactions","IREF-HPRD",91,48
"NOS3","EDNRB",0.12033976,"Physical Interactions","IREF-HPRD",91,55
"CAMK2A","ATP2A2",0.09675591,"Physical Interactions","IREF-HPRD",92,35
"CAMK2A","GRIN1",0.017410565,"Physical Interactions","IREF-HPRD",92,39
"CAMK2A","ITPKA",0.104192026,"Physical Interactions","IREF-HPRD",92,65
"CAMK2A","NOS1",0.021098576,"Physical Interactions","IREF-HPRD",92,88
"CAMK2A","GRIN2A",0.029432496,"Physical Interactions","IREF-HPRD",92,90
"F2R","GNA15",0.058821555,"Physical Interactions","IREF-HPRD",93,83
"ERBB2","ERBB4",0.017373836,"Physical Interactions","IREF-HPRD",94,140
"GNAS","ADCY2",0.09409321,"Physical Interactions","IREF-HPRD",96,162
"GNAS","ADRB3",0.22525766,"Physical Interactions","IREF-HPRD",96,173
"GNAS","HTR6",0.19643787,"Physical Interactions","IREF-HPRD",96,178
"GNAS","LHCGR",0.042629547,"Physical Interactions","IREF-HPRD",96,75
"PTK2B","GRIN2A",0.017544882,"Physical Interactions","IREF-HPRD",97,90
"PTK2B","ERBB2",0.010217641,"Physical Interactions","IREF-HPRD",97,94
"PLCG1","GRIN1",0.008112476,"Physical Interactions","IREF-HPRD",98,39
"PLCG1","AGTR1",0.015858162,"Physical Interactions","IREF-HPRD",98,48
"PLCG1","GRIN2A",0.01371411,"Physical Interactions","IREF-HPRD",98,90
"PLCG1","PDGFRA",0.012729501,"Physical Interactions","IREF-HPRD",98,169
"PLCG1","ERBB2",0.007986708,"Physical Interactions","IREF-HPRD",98,94
"PPP3CA","PPP3R1",0.08236169,"Physical Interactions","IREF-HPRD",99,76
"PRKCA","ATP2B2",0.02401495,"Physical Interactions","IREF-HPRD",100,143
"PRKCA","GRM1",0.01356608,"Physical Interactions","IREF-HPRD",100,33
"PRKCA","GRM5",0.0123590045,"Physical Interactions","IREF-HPRD",100,40
"PRKCA","ATP2B1",0.058916472,"Physical Interactions","IREF-HPRD",100,128
"PRKCA","AVPR1A",0.033684526,"Physical Interactions","IREF-HPRD",100,50
"PRKCA","PLCB1",0.014452966,"Physical Interactions","IREF-HPRD",100,63
"PRKCA","ADRA1B",0.013464523,"Physical Interactions","IREF-HPRD",100,64
"PRKCA","ITPKA",0.027331697,"Physical Interactions","IREF-HPRD",100,65
"PRKCA","ITPKB",0.039718714,"Physical Interactions","IREF-HPRD",100,70
"PRKCA","MYLK",0.01506411,"Physical Interactions","IREF-HPRD",100,81
"PRKCA","GNA15",0.0075913155,"Physical Interactions","IREF-HPRD",100,83
"PRKCA","NOS1",0.0055345874,"Physical Interactions","IREF-HPRD",100,88
"PRKCA","GRIN2A",0.0077207447,"Physical Interactions","IREF-HPRD",100,90
"ERBB3","ERBB4",0.0239297,"Physical Interactions","IREF-HPRD",101,140
"ERBB3","ERBB2",0.01828107,"Physical Interactions","IREF-HPRD",101,94
"ERBB3","PTK2B",0.014073179,"Physical Interactions","IREF-HPRD",101,97
"PRKCB","GRIN1",0.0093401885,"Physical Interactions","IREF-HPRD",102,39
"PRKCB","GRM5",0.025275173,"Physical Interactions","IREF-HPRD",102,40
"PRKCB","GRIN2D",0.012338062,"Physical Interactions","IREF-HPRD",102,74
"PDGFRB","PDGFRA",0.020077458,"Physical Interactions","IREF-HPRD",104,169
"PDGFRB","PLCG1",0.007580064,"Physical Interactions","IREF-HPRD",104,98
"PRKACA","PLN",0.014219467,"Physical Interactions","IREF-HPRD",106,160
"PRKACA","RYR2",0.010446983,"Physical Interactions","IREF-HPRD",106,6
"PRKACA","PHKA1",0.13991417,"Physical Interactions","IREF-HPRD",106,7
"PRKACA","ITPR2",0.025453992,"Physical Interactions","IREF-HPRD",106,8
"PRKACA","CACNA1C",0.015388379,"Physical Interactions","IREF-HPRD",106,23
"PRKACA","RYR1",0.011767096,"Physical Interactions","IREF-HPRD",106,28
"PRKACA","ATP2B1",0.061293483,"Physical Interactions","IREF-HPRD",106,128
"PRKACA","ITPR1",0.005827754,"Physical Interactions","IREF-HPRD",106,51
"PRKACA","ITPKA",0.028434403,"Physical Interactions","IREF-HPRD",106,65
"PRKACA","ITPKB",0.04132118,"Physical Interactions","IREF-HPRD",106,70
"PRKACA","NOS1",0.005757883,"Physical Interactions","IREF-HPRD",106,88
"CALM1","ADCY8",0.07955316,"Physical Interactions","IREF-HPRD",125,145
"CALM1","PDE1A",0.067414224,"Physical Interactions","IREF-HPRD",125,2
"CALM1","RYR1",0.013037777,"Physical Interactions","IREF-HPRD",125,28
"CALM1","CAMK2G",0.007492218,"Physical Interactions","IREF-HPRD",125,135
"CALM1","PLCD1",0.030375203,"Physical Interactions","IREF-HPRD",125,166
"CALM1","PHKG1",0.022764532,"Physical Interactions","IREF-HPRD",125,38
"CALM1","GRIN1",0.005264496,"Physical Interactions","IREF-HPRD",125,39
"CALM1","GRM5",0.014246078,"Physical Interactions","IREF-HPRD",125,40
"CALM1","ATP2B1",0.06791232,"Physical Interactions","IREF-HPRD",125,128
"CALM1","HTR2C",0.02494739,"Physical Interactions","IREF-HPRD",125,59
"CALM1","ITPKA",0.03150492,"Physical Interactions","IREF-HPRD",125,65
"CALM1","ITPKB",0.04578329,"Physical Interactions","IREF-HPRD",125,70
"CALM1","MYLK",0.01736422,"Physical Interactions","IREF-HPRD",125,81
"CALM1","PLCB3",0.014134467,"Physical Interactions","IREF-HPRD",125,85
"EGFR","CAMK2G",0.0074713435,"Physical Interactions","IREF-HPRD",107,135
"EGFR","AGTR1",0.0102622975,"Physical Interactions","IREF-HPRD",107,48
"EGFR","ERBB4",0.006765426,"Physical Interactions","IREF-HPRD",107,140
"EGFR","CAMK2A",0.006674623,"Physical Interactions","IREF-HPRD",107,92
"EGFR","ERBB2",0.0051684408,"Physical Interactions","IREF-HPRD",107,94
"EGFR","PTK2B",0.003978782,"Physical Interactions","IREF-HPRD",107,97
"EGFR","PLCG1",0.0031100493,"Physical Interactions","IREF-HPRD",107,98
"EGFR","PRKCA",0.0017508899,"Physical Interactions","IREF-HPRD",107,100
"EGFR","ERBB3",0.0071187066,"Physical Interactions","IREF-HPRD",107,101
"EGFR","PDGFRB",0.004905289,"Physical Interactions","IREF-HPRD",107,104
"EGFR","PRKACA",0.0018215304,"Physical Interactions","IREF-HPRD",107,106
"EGFR","CALM1",0.00201823,"Physical Interactions","IREF-HPRD",107,125
"ADCY5","ADCY2",0.37360263,"Physical Interactions","IREF-HPRD",109,162
"ADCY5","GNAS",0.08089257,"Physical Interactions","IREF-HPRD",109,96
"ADCY5","PRKCA",0.022118695,"Physical Interactions","IREF-HPRD",109,100
"ADCY5","PRKACA",0.023011083,"Physical Interactions","IREF-HPRD",109,106
"ADCY6","GNAS",0.10203394,"Physical Interactions","IREF-HPRD",110,96
"TAC1","TACR1",0.1777095,"Physical Interactions","IREF-HPRD",111,15
"TAC1","TACR3",0.20363438,"Physical Interactions","IREF-HPRD",111,57
"TAC1","TACR2",0.20363438,"Physical Interactions","IREF-HPRD",111,180
"CCK","CCKBR",0.38721818,"Physical Interactions","IREF-HPRD",112,159
"CYCS","VDAC2",0.13027176,"Physical Interactions","IREF-HPRD",113,127
"TAC3","TACR1",0.18618698,"Physical Interactions","IREF-HPRD",114,15
"TAC3","TACR3",0.21334858,"Physical Interactions","IREF-HPRD",114,57
"TAC3","TACR2",0.21334858,"Physical Interactions","IREF-HPRD",114,180
"GRIA1","TRPC1",0.06151752,"Physical Interactions","IREF-HPRD",116,134
"GRIA1","CAMK2G",0.035844054,"Physical Interactions","IREF-HPRD",116,135
"GRIA1","PRKCA",0.0083999615,"Physical Interactions","IREF-HPRD",116,100
"GRIA1","PRKACA",0.0087388605,"Physical Interactions","IREF-HPRD",116,106
"GUCY1B3","GUCY1A2",0.4218782,"Physical Interactions","IREF-HPRD",120,115
"GRIA2","PRKCA",0.016658397,"Physical Interactions","IREF-HPRD",121,100
"GNAZ","DRD5",0.13729574,"Physical Interactions","IREF-HPRD",122,177
"GNAI2","ADCY1",0.0907637,"Physical Interactions","IREF-HPRD",124,132
"GNAI2","CHRM1",0.085307844,"Physical Interactions","IREF-HPRD",124,20
"GNAI2","EDNRA",0.046637192,"Physical Interactions","IREF-HPRD",124,67
"GNAI2","LHCGR",0.02741484,"Physical Interactions","IREF-HPRD",124,75
"GNAI2","F2R",0.027758904,"Physical Interactions","IREF-HPRD",124,93
"GNAI2","EGFR",0.004117968,"Physical Interactions","IREF-HPRD",124,107
"P2RX3","P2RX2",0.668795,"Physical Interactions","IREF-SMALL-SCALE-STUDIES",130,147
"P2RX1","P2RX2",0.668795,"Physical Interactions","IREF-SMALL-SCALE-STUDIES",131,147
"CYSLTR1","CYSLTR2",0.95035255,"Physical Interactions","IREF-SMALL-SCALE-STUDIES",139,156
"ADCY1","ADCY2",0.5284288,"Physical Interactions","IREF-SMALL-SCALE-STUDIES",132,162
"RYR2","RYR3",0.25594762,"Physical Interactions","IREF-SMALL-SCALE-STUDIES",6,3
"ATP2A1","PLN",0.25471655,"Physical Interactions","IREF-SMALL-SCALE-STUDIES",133,160
"TRPC1","ITPR2",0.14865313,"Physical Interactions","IREF-SMALL-SCALE-STUDIES",134,8
"CACNA1C","RYR2",0.04371184,"Physical Interactions","IREF-SMALL-SCALE-STUDIES",23,6
"ITPR3","TRPC1",0.054435555,"Physical Interactions","IREF-SMALL-SCALE-STUDIES",27,134
"RYR1","CACNA1S",0.1572934,"Physical Interactions","IREF-SMALL-SCALE-STUDIES",28,5
"RYR1","RYR2",0.055357244,"Physical Interactions","IREF-SMALL-SCALE-STUDIES",28,6
"CAMK2G","ADCY3",0.08474168,"Physical Interactions","IREF-SMALL-SCALE-STUDIES",135,1
"CAMK2G","RYR1",0.03582195,"Physical Interactions","IREF-SMALL-SCALE-STUDIES",135,28
"PTGER1","PTGER3",0.31289357,"Physical Interactions","IREF-SMALL-SCALE-STUDIES",32,157
"PTGER1","PTGFR",0.24164176,"Physical Interactions","IREF-SMALL-SCALE-STUDIES",32,14
"GRM1","TRPC1",0.057572667,"Physical Interactions","IREF-SMALL-SCALE-STUDIES",33,134
"ATP2A2","PLN",0.10002733,"Physical Interactions","IREF-SMALL-SCALE-STUDIES",35,160
"GRIN1","CAMK2G",0.0132570155,"Physical Interactions","IREF-SMALL-SCALE-STUDIES",39,135
"GRM5","ADORA2A",0.06670196,"Physical Interactions","IREF-SMALL-SCALE-STUDIES",40,175
"PLCB4","GRIN1",0.28236786,"Physical Interactions","IREF-SMALL-SCALE-STUDIES",46,39
"AGTR1","BDKRB2",0.0465074,"Physical Interactions","IREF-SMALL-SCALE-STUDIES",48,29
"ITPR1","RYR2",0.022731625,"Physical Interactions","IREF-SMALL-SCALE-STUDIES",51,6
"ITPR1","TRPC1",0.024307221,"Physical Interactions","IREF-SMALL-SCALE-STUDIES",51,134
"ITPR1","ITPR3",0.028620077,"Physical Interactions","IREF-SMALL-SCALE-STUDIES",51,27
"ITPR1","GRM1",0.030269446,"Physical Interactions","IREF-SMALL-SCALE-STUDIES",51,33
"CHRM2","GNA14",0.1392548,"Physical Interactions","IREF-SMALL-SCALE-STUDIES",136,10
"TBXA2R","PLCB2",0.04582497,"Physical Interactions","IREF-SMALL-SCALE-STUDIES",60,31
"ADRA1D","ADRA1A",0.08585134,"Physical Interactions","IREF-SMALL-SCALE-STUDIES",61,18
"CAMK2D","RYR2",0.061570935,"Physical Interactions","IREF-SMALL-SCALE-STUDIES",62,6
"CAMK2D","CAMK2G",0.03984286,"Physical Interactions","IREF-SMALL-SCALE-STUDIES",62,135
"ADRA1B","ADRA1A",0.11463732,"Physical Interactions","IREF-SMALL-SCALE-STUDIES",64,18
"SLC25A4","PPID",0.062646426,"Physical Interactions","IREF-SMALL-SCALE-STUDIES",137,183
"HTR2B","AGTR1",0.11676601,"Physical Interactions","IREF-SMALL-SCALE-STUDIES",66,48
"SLC25A6","VDAC1",0.047653496,"Physical Interactions","IREF-SMALL-SCALE-STUDIES",69,126
"PPP3CB","SLC8A3",0.22532319,"Physical Interactions","IREF-SMALL-SCALE-STUDIES",71,185
"PPP3CB","SLC8A2",0.22532319,"Physical Interactions","IREF-SMALL-SCALE-STUDIES",71,141
"PPP3CB","SLC8A1",0.12396004,"Physical Interactions","IREF-SMALL-SCALE-STUDIES",71,186
"PPP3CB","CACNA1H",0.13011473,"Physical Interactions","IREF-SMALL-SCALE-STUDIES",71,22
"GNAQ","PLCB2",0.025399473,"Physical Interactions","IREF-SMALL-SCALE-STUDIES",73,31
"GNAQ","BDKRB1",0.08589567,"Physical Interactions","IREF-SMALL-SCALE-STUDIES",73,45
"GNAQ","AGTR1",0.016879398,"Physical Interactions","IREF-SMALL-SCALE-STUDIES",73,48
"GNAQ","HTR2C",0.044485882,"Physical Interactions","IREF-SMALL-SCALE-STUDIES",73,59
"GNAQ","TBXA2R",0.012572342,"Physical Interactions","IREF-SMALL-SCALE-STUDIES",73,60
"GNAQ","PLCB1",0.028572837,"Physical Interactions","IREF-SMALL-SCALE-STUDIES",73,63
"GNAQ","ADRA1B",0.02880101,"Physical Interactions","IREF-SMALL-SCALE-STUDIES",73,64
"GNAQ","HTR2B",0.04820567,"Physical Interactions","IREF-SMALL-SCALE-STUDIES",73,66
"GNAQ","HTR6",0.08532299,"Physical Interactions","IREF-SMALL-SCALE-STUDIES",73,178
"GNAQ","HTR2A",0.016689874,"Physical Interactions","IREF-SMALL-SCALE-STUDIES",73,72
"GRIN2D","GRIN1",0.016813913,"Physical Interactions","IREF-SMALL-SCALE-STUDIES",74,39
"DRD1","GRIN1",0.023753585,"Physical Interactions","IREF-SMALL-SCALE-STUDIES",138,39
"GNA11","BDKRB2",0.050517708,"Physical Interactions","IREF-SMALL-SCALE-STUDIES",77,29
"GNA11","CHRM2",0.07226902,"Physical Interactions","IREF-SMALL-SCALE-STUDIES",77,136
"GNA11","EDNRB",0.08702228,"Physical Interactions","IREF-SMALL-SCALE-STUDIES",77,55
"GNA11","TBXA2R",0.03307928,"Physical Interactions","IREF-SMALL-SCALE-STUDIES",77,60
"GNA11","PLCB1",0.07517843,"Physical Interactions","IREF-SMALL-SCALE-STUDIES",77,63
"GNA11","ADRA1B",0.07577878,"Physical Interactions","IREF-SMALL-SCALE-STUDIES",77,64
"GNA11","HTR2B",0.12683468,"Physical Interactions","IREF-SMALL-SCALE-STUDIES",77,66
"GNA11","EDNRA",0.076111406,"Physical Interactions","IREF-SMALL-SCALE-STUDIES",77,67
"GNA11","HTR2A",0.043912984,"Physical Interactions","IREF-SMALL-SCALE-STUDIES",77,72
"ERBB4","GRIN1",0.011042991,"Physical Interactions","IREF-SMALL-SCALE-STUDIES",140,39
"CAMK2B","CAMK2D",0.09182953,"Physical Interactions","IREF-SMALL-SCALE-STUDIES",79,62
"CAMK2B","ITPKA",0.23595345,"Physical Interactions","IREF-SMALL-SCALE-STUDIES",79,65
"MYLK","CAMK2G",0.03636155,"Physical Interactions","IREF-SMALL-SCALE-STUDIES",81,135
"GNA15","CHRM2",0.0681253,"Physical Interactions","IREF-SMALL-SCALE-STUDIES",83,136
"PRKACG","RYR2",0.11705258,"Physical Interactions","IREF-SMALL-SCALE-STUDIES",84,6
"PLCB3","CAMK2G",0.029798975,"Physical Interactions","IREF-SMALL-SCALE-STUDIES",85,135
"PLCB3","GNAQ",0.019117327,"Physical Interactions","IREF-SMALL-SCALE-STUDIES",85,73
"PLCB3","CAMK2B",0.068680465,"Physical Interactions","IREF-SMALL-SCALE-STUDIES",85,79
"PHKG2","PHKG1",0.6261738,"Physical Interactions","IREF-SMALL-SCALE-STUDIES",86,38
"NOS1","ATP2B4",0.049730547,"Physical Interactions","IREF-SMALL-SCALE-STUDIES",88,142
"NOS1","ADRA1A",0.041168343,"Physical Interactions","IREF-SMALL-SCALE-STUDIES",88,18
"NOS1","BDKRB2",0.028497724,"Physical Interactions","IREF-SMALL-SCALE-STUDIES",88,29
"NOS1","ADRB3",0.07681832,"Physical Interactions","IREF-SMALL-SCALE-STUDIES",88,173
"NOS1","ADRB1",0.029725384,"Physical Interactions","IREF-SMALL-SCALE-STUDIES",88,176
"NOS1","ADRA1D",0.032013655,"Physical Interactions","IREF-SMALL-SCALE-STUDIES",88,61
"NOS1","ADRA1B",0.04274784,"Physical Interactions","IREF-SMALL-SCALE-STUDIES",88,64
"NOS1","HTR2B",0.07154917,"Physical Interactions","IREF-SMALL-SCALE-STUDIES",88,66
"NOS1","CAMK4",0.050674748,"Physical Interactions","IREF-SMALL-SCALE-STUDIES",88,82
"PRKCG","GRIN1",0.010275406,"Physical Interactions","IREF-SMALL-SCALE-STUDIES",89,39
"PRKCG","GRM5",0.026522283,"Physical Interactions","IREF-SMALL-SCALE-STUDIES",89,40
"PRKCG","GRIN2D",0.016644213,"Physical Interactions","IREF-SMALL-SCALE-STUDIES",89,74
"GRIN2A","GRIN1",0.01693515,"Physical Interactions","IREF-SMALL-SCALE-STUDIES",90,39
"GRIN2A","CAMK2B",0.049849655,"Physical Interactions","IREF-SMALL-SCALE-STUDIES",90,79
"GRIN2A","NOS1",0.020595036,"Physical Interactions","IREF-SMALL-SCALE-STUDIES",90,88
"NOS3","BDKRB2",0.050433744,"Physical Interactions","IREF-SMALL-SCALE-STUDIES",91,29
"NOS3","ADRB3",0.13594893,"Physical Interactions","IREF-SMALL-SCALE-STUDIES",91,173
"NOS3","AGTR1",0.04433783,"Physical Interactions","IREF-SMALL-SCALE-STUDIES",91,48
"NOS3","EDNRB",0.086877644,"Physical Interactions","IREF-SMALL-SCALE-STUDIES",91,55
"CAMK2A","ATP2A2",0.02801021,"Physical Interactions","IREF-SMALL-SCALE-STUDIES",92,35
"CAMK2A","GRIN1",0.011172063,"Physical Interactions","IREF-SMALL-SCALE-STUDIES",92,39
"CAMK2A","CAMK2D",0.033576705,"Physical Interactions","IREF-SMALL-SCALE-STUDIES",92,62
"CAMK2A","ITPKA",0.08627442,"Physical Interactions","IREF-SMALL-SCALE-STUDIES",92,65
"CAMK2A","NOS1",0.013586477,"Physical Interactions","IREF-SMALL-SCALE-STUDIES",92,88
"CAMK2A","GRIN2A",0.018227113,"Physical Interactions","IREF-SMALL-SCALE-STUDIES",92,90
"CAMK2A","NOS3",0.024044618,"Physical Interactions","IREF-SMALL-SCALE-STUDIES",92,91
"F2R","GNAQ",0.016582761,"Physical Interactions","IREF-SMALL-SCALE-STUDIES",93,73
"F2R","GNA15",0.04112946,"Physical Interactions","IREF-SMALL-SCALE-STUDIES",93,83
"ERBB2","ERBB4",0.008505151,"Physical Interactions","IREF-SMALL-SCALE-STUDIES",94,140
"GNAS","ADCY2",0.06788428,"Physical Interactions","IREF-SMALL-SCALE-STUDIES",96,162
"GNAS","ADRB3",0.080013536,"Physical Interactions","IREF-SMALL-SCALE-STUDIES",96,173
"GNAS","TBXA2R",0.019436644,"Physical Interactions","IREF-SMALL-SCALE-STUDIES",96,60
"GNAS","HTR6",0.13190801,"Physical Interactions","IREF-SMALL-SCALE-STUDIES",96,178
"GNAS","LHCGR",0.036242925,"Physical Interactions","IREF-SMALL-SCALE-STUDIES",96,75
"PTK2B","GRIN2A",0.01301282,"Physical Interactions","IREF-SMALL-SCALE-STUDIES",97,90
"PTK2B","ERBB2",0.006143024,"Physical Interactions","IREF-SMALL-SCALE-STUDIES",97,94
"PLCG1","CCKBR",0.030295847,"Physical Interactions","IREF-SMALL-SCALE-STUDIES",98,159
"PLCG1","GRIN1",0.005899017,"Physical Interactions","IREF-SMALL-SCALE-STUDIES",98,39
"PLCG1","AGTR1",0.011707525,"Physical Interactions","IREF-SMALL-SCALE-STUDIES",98,48
"PLCG1","GRIN2A",0.00962419,"Physical Interactions","IREF-SMALL-SCALE-STUDIES",98,90
"PLCG1","CAMK2A",0.0063490467,"Physical Interactions","IREF-SMALL-SCALE-STUDIES",98,92
"PLCG1","PDGFRA",0.010486098,"Physical Interactions","IREF-SMALL-SCALE-STUDIES",98,169
"PLCG1","ERBB2",0.004543337,"Physical Interactions","IREF-SMALL-SCALE-STUDIES",98,94
"PPP3CA","PPP3R1",0.033291426,"Physical Interactions","IREF-SMALL-SCALE-STUDIES",99,76
"PRKCA","AVPR1B",0.032708097,"Physical Interactions","IREF-SMALL-SCALE-STUDIES",100,17
"PRKCA","ATP2B2",0.012454059,"Physical Interactions","IREF-SMALL-SCALE-STUDIES",100,143
"PRKCA","GRM1",0.009307779,"Physical Interactions","IREF-SMALL-SCALE-STUDIES",100,33
"PRKCA","GRIN1",0.00354165,"Physical Interactions","IREF-SMALL-SCALE-STUDIES",100,39
"PRKCA","GRM5",0.009141501,"Physical Interactions","IREF-SMALL-SCALE-STUDIES",100,40
"PRKCA","ATP2B1",0.023082191,"Physical Interactions","IREF-SMALL-SCALE-STUDIES",100,128
"PRKCA","AVPR1A",0.02451079,"Physical Interactions","IREF-SMALL-SCALE-STUDIES",100,50
"PRKCA","TBXA2R",0.005235404,"Physical Interactions","IREF-SMALL-SCALE-STUDIES",100,60
"PRKCA","PLCB1",0.011898368,"Physical Interactions","IREF-SMALL-SCALE-STUDIES",100,63
"PRKCA","ADRA1B",0.011993385,"Physical Interactions","IREF-SMALL-SCALE-STUDIES",100,64
"PRKCA","ITPKA",0.02734981,"Physical Interactions","IREF-SMALL-SCALE-STUDIES",100,65
"PRKCA","ITPKB",0.059849653,"Physical Interactions","IREF-SMALL-SCALE-STUDIES",100,70
"PRKCA","MYLK",0.009714093,"Physical Interactions","IREF-SMALL-SCALE-STUDIES",100,81
"PRKCA","GNA15",0.007197287,"Physical Interactions","IREF-SMALL-SCALE-STUDIES",100,83
"PRKCA","NOS1",0.0043070423,"Physical Interactions","IREF-SMALL-SCALE-STUDIES",100,88
"PRKCA","GRIN2A",0.005778168,"Physical Interactions","IREF-SMALL-SCALE-STUDIES",100,90
"PRKCA","PLCG2",0.00841346,"Physical Interactions","IREF-SMALL-SCALE-STUDIES",100,95
"ERBB3","ERBB4",0.016038094,"Physical Interactions","IREF-SMALL-SCALE-STUDIES",101,140
"ERBB3","ERBB2",0.0116109,"Physical Interactions","IREF-SMALL-SCALE-STUDIES",101,94
"ERBB3","PTK2B",0.011583851,"Physical Interactions","IREF-SMALL-SCALE-STUDIES",101,97
"PRKCB","GRIN1",0.007239861,"Physical Interactions","IREF-SMALL-SCALE-STUDIES",102,39
"PRKCB","GRM5",0.01868711,"Physical Interactions","IREF-SMALL-SCALE-STUDIES",102,40
"PRKCB","GRIN2D",0.011727205,"Physical Interactions","IREF-SMALL-SCALE-STUDIES",102,74
"PRKACB","RYR2",0.04792452,"Physical Interactions","IREF-SMALL-SCALE-STUDIES",103,6
"PDGFRB","PDGFRA",0.01525314,"Physical Interactions","IREF-SMALL-SCALE-STUDIES",104,169
"PDGFRB","PLCG1",0.004876409,"Physical Interactions","IREF-SMALL-SCALE-STUDIES",104,98
"ADRB2","ADCY3",0.039547753,"Physical Interactions","IREF-SMALL-SCALE-STUDIES",105,1
"ADRB2","CCKBR",0.03177415,"Physical Interactions","IREF-SMALL-SCALE-STUDIES",105,159
"ADRB2","VDAC1",0.010266636,"Physical Interactions","IREF-SMALL-SCALE-STUDIES",105,126
"ADRB2","HTR4",0.07621866,"Physical Interactions","IREF-SMALL-SCALE-STUDIES",105,172
"ADRB2","PTGER1",0.027707797,"Physical Interactions","IREF-SMALL-SCALE-STUDIES",105,32
"ADRB2","GNAS",0.007836871,"Physical Interactions","IREF-SMALL-SCALE-STUDIES",105,96
"ADRB2","PPP3CA",0.0073330635,"Physical Interactions","IREF-SMALL-SCALE-STUDIES",105,99
"PRKACA","PLN",0.013779827,"Physical Interactions","IREF-SMALL-SCALE-STUDIES",106,160
"PRKACA","RYR2",0.0070758592,"Physical Interactions","IREF-SMALL-SCALE-STUDIES",106,6
"PRKACA","PHKA1",0.13331445,"Physical Interactions","IREF-SMALL-SCALE-STUDIES",106,7
"PRKACA","ITPR2",0.024328249,"Physical Interactions","IREF-SMALL-SCALE-STUDIES",106,8
"PRKACA","CACNA1C",0.007649636,"Physical Interactions","IREF-SMALL-SCALE-STUDIES",106,23
"PRKACA","RYR1",0.009687597,"Physical Interactions","IREF-SMALL-SCALE-STUDIES",106,28
"PRKACA","ATP2B1",0.023365986,"Physical Interactions","IREF-SMALL-SCALE-STUDIES",106,128
"PRKACA","ITPR1",0.0039780675,"Physical Interactions","IREF-SMALL-SCALE-STUDIES",106,51
"PRKACA","TBXA2R",0.0052997726,"Physical Interactions","IREF-SMALL-SCALE-STUDIES",106,60
"PRKACA","ITPKA",0.027686073,"Physical Interactions","IREF-SMALL-SCALE-STUDIES",106,65
"PRKACA","ITPKB",0.0605855,"Physical Interactions","IREF-SMALL-SCALE-STUDIES",106,70
"PRKACA","NOS1",0.0043599973,"Physical Interactions","IREF-SMALL-SCALE-STUDIES",106,88
"CALM1","ADCY8",0.04478439,"Physical Interactions","IREF-SMALL-SCALE-STUDIES",125,145
"CALM1","PDE1A",0.030171108,"Physical Interactions","IREF-SMALL-SCALE-STUDIES",125,2
"CALM1","CACNA1D",0.014803078,"Physical Interactions","IREF-SMALL-SCALE-STUDIES",125,4
"CALM1","RYR2",0.0052209357,"Physical Interactions","IREF-SMALL-SCALE-STUDIES",125,6
"CALM1","ATP2B4",0.010421424,"Physical Interactions","IREF-SMALL-SCALE-STUDIES",125,142
"CALM1","PHKB",0.02604129,"Physical Interactions","IREF-SMALL-SCALE-STUDIES",125,21
"CALM1","CACNA1C",0.0056442977,"Physical Interactions","IREF-SMALL-SCALE-STUDIES",125,23
"CALM1","CACNA1A",0.008094819,"Physical Interactions","IREF-SMALL-SCALE-STUDIES",125,26
"CALM1","RYR1",0.007148012,"Physical Interactions","IREF-SMALL-SCALE-STUDIES",125,28
"CALM1","CAMK2G",0.0033784937,"Physical Interactions","IREF-SMALL-SCALE-STUDIES",125,135
"CALM1","PLCD1",0.013326332,"Physical Interactions","IREF-SMALL-SCALE-STUDIES",125,166
"CALM1","PHKG1",0.014523443,"Physical Interactions","IREF-SMALL-SCALE-STUDIES",125,38
"CALM1","GRIN1",0.0026453421,"Physical Interactions","IREF-SMALL-SCALE-STUDIES",125,39
"CALM1","ADORA2A",0.0065857316,"Physical Interactions","IREF-SMALL-SCALE-STUDIES",125,175
"CALM1","GRM5",0.0068280036,"Physical Interactions","IREF-SMALL-SCALE-STUDIES",125,40
"CALM1","CACNA1B",0.00905051,"Physical Interactions","IREF-SMALL-SCALE-STUDIES",125,42
"CALM1","ATP2B1",0.017240636,"Physical Interactions","IREF-SMALL-SCALE-STUDIES",125,128
"CALM1","ITPR1",0.0029352244,"Physical Interactions","IREF-SMALL-SCALE-STUDIES",125,51
"CALM1","HTR2C",0.013836699,"Physical Interactions","IREF-SMALL-SCALE-STUDIES",125,59
"CALM1","CAMK2D",0.007950356,"Physical Interactions","IREF-SMALL-SCALE-STUDIES",125,62
"CALM1","ITPKA",0.02042822,"Physical Interactions","IREF-SMALL-SCALE-STUDIES",125,65
"CALM1","ITPKB",0.044703122,"Physical Interactions","IREF-SMALL-SCALE-STUDIES",125,70
"CALM1","PPP3R1",0.0071580503,"Physical Interactions","IREF-SMALL-SCALE-STUDIES",125,76
"CALM1","CAMK2B",0.007786728,"Physical Interactions","IREF-SMALL-SCALE-STUDIES",125,79
"CALM1","NOS2",0.008418606,"Physical Interactions","IREF-SMALL-SCALE-STUDIES",125,80
"CALM1","MYLK",0.007255686,"Physical Interactions","IREF-SMALL-SCALE-STUDIES",125,81
"CALM1","CAMK4",0.010619287,"Physical Interactions","IREF-SMALL-SCALE-STUDIES",125,82
"CALM1","PLCB3",0.0059461715,"Physical Interactions","IREF-SMALL-SCALE-STUDIES",125,85
"CALM1","NOS3",0.005693331,"Physical Interactions","IREF-SMALL-SCALE-STUDIES",125,91
"CALM1","CAMK2A",0.002847152,"Physical Interactions","IREF-SMALL-SCALE-STUDIES",125,92
"CALM1","ERBB2",0.002037404,"Physical Interactions","IREF-SMALL-SCALE-STUDIES",125,94
"CALM1","GNAS",0.0033508427,"Physical Interactions","IREF-SMALL-SCALE-STUDIES",125,96
"EGFR","CAMK2G",0.0028466573,"Physical Interactions","IREF-SMALL-SCALE-STUDIES",107,135
"EGFR","AGTR1",0.0044236355,"Physical Interactions","IREF-SMALL-SCALE-STUDIES",107,48
"EGFR","ERBB4",0.0023712434,"Physical Interactions","IREF-SMALL-SCALE-STUDIES",107,140
"EGFR","CAMK2A",0.002398959,"Physical Interactions","IREF-SMALL-SCALE-STUDIES",107,92
"EGFR","PDGFRA",0.003962125,"Physical Interactions","IREF-SMALL-SCALE-STUDIES",107,169
"EGFR","ERBB2",0.0017166797,"Physical Interactions","IREF-SMALL-SCALE-STUDIES",107,94
"EGFR","PTK2B",0.0017126806,"Physical Interactions","IREF-SMALL-SCALE-STUDIES",107,97
"EGFR","PLCG1",0.0012666864,"Physical Interactions","IREF-SMALL-SCALE-STUDIES",107,98
"EGFR","PRKCA",0.00076049275,"Physical Interactions","IREF-SMALL-SCALE-STUDIES",107,100
"EGFR","ERBB3",0.003237129,"Physical Interactions","IREF-SMALL-SCALE-STUDIES",107,101
"EGFR","PRKCB",0.0015546036,"Physical Interactions","IREF-SMALL-SCALE-STUDIES",107,102
"EGFR","PDGFRB",0.0018425295,"Physical Interactions","IREF-SMALL-SCALE-STUDIES",107,104
"EGFR","PRKACA",0.0007698429,"Physical Interactions","IREF-SMALL-SCALE-STUDIES",107,106
"EGFR","CALM1",0.00056803005,"Physical Interactions","IREF-SMALL-SCALE-STUDIES",107,125
"ADCY5","ADCY2",0.12751696,"Physical Interactions","IREF-SMALL-SCALE-STUDIES",109,162
"ADCY5","GNAS",0.03128583,"Physical Interactions","IREF-SMALL-SCALE-STUDIES",109,96
"ADCY5","PRKCA",0.008427069,"Physical Interactions","IREF-SMALL-SCALE-STUDIES",109,100
"ADCY5","PRKACA",0.008530679,"Physical Interactions","IREF-SMALL-SCALE-STUDIES",109,106
"ADCY6","GNAS",0.09020352,"Physical Interactions","IREF-SMALL-SCALE-STUDIES",110,96
"TAC1","TACR1",0.14563248,"Physical Interactions","IREF-SMALL-SCALE-STUDIES",111,15
"TAC1","TACR3",0.16435035,"Physical Interactions","IREF-SMALL-SCALE-STUDIES",111,57
"TAC1","TACR2",0.16435035,"Physical Interactions","IREF-SMALL-SCALE-STUDIES",111,180
"CCK","CCKBR",0.20276915,"Physical Interactions","IREF-SMALL-SCALE-STUDIES",112,159
"CCK","CCKAR",0.41641927,"Physical Interactions","IREF-SMALL-SCALE-STUDIES",112,68
"CYCS","VDAC1",0.027300395,"Physical Interactions","IREF-SMALL-SCALE-STUDIES",113,126
"CYCS","VDAC2",0.068578176,"Physical Interactions","IREF-SMALL-SCALE-STUDIES",113,127
"TAC3","TACR1",0.29812658,"Physical Interactions","IREF-SMALL-SCALE-STUDIES",114,15
"TAC3","TACR3",0.33644423,"Physical Interactions","IREF-SMALL-SCALE-STUDIES",114,57
"TAC3","TACR2",0.33644423,"Physical Interactions","IREF-SMALL-SCALE-STUDIES",114,180
"GRIA1","TRPC1",0.037052013,"Physical Interactions","IREF-SMALL-SCALE-STUDIES",116,134
"GRIA1","CAMK2G",0.02242238,"Physical Interactions","IREF-SMALL-SCALE-STUDIES",116,135
"GRIA1","PRKCA",0.0059902035,"Physical Interactions","IREF-SMALL-SCALE-STUDIES",116,100
"GRIA1","PRKACA",0.0060638525,"Physical Interactions","IREF-SMALL-SCALE-STUDIES",116,106
"GUCY1B3","NOS3",0.098444425,"Physical Interactions","IREF-SMALL-SCALE-STUDIES",120,91
"GUCY1B3","GUCY1A2",0.21378928,"Physical Interactions","IREF-SMALL-SCALE-STUDIES",120,115
"GUCY1B3","GUCY1A3",0.2910752,"Physical Interactions","IREF-SMALL-SCALE-STUDIES",120,118
"GRIA2","PRKCA",0.007433172,"Physical Interactions","IREF-SMALL-SCALE-STUDIES",121,100
"GRIA2","GRIA1",0.036847584,"Physical Interactions","IREF-SMALL-SCALE-STUDIES",121,116
"GNAZ","DRD5",0.14876749,"Physical Interactions","IREF-SMALL-SCALE-STUDIES",122,177
"GNAI2","ADCY2",0.041524563,"Physical Interactions","IREF-SMALL-SCALE-STUDIES",124,162
"GNAI2","ADCY1",0.07930527,"Physical Interactions","IREF-SMALL-SCALE-STUDIES",124,132
"GNAI2","CHRM1",0.055046733,"Physical Interactions","IREF-SMALL-SCALE-STUDIES",124,20
"GNAI2","TBXA2R",0.011889324,"Physical Interactions","IREF-SMALL-SCALE-STUDIES",124,60
"GNAI2","EDNRA",0.027355885,"Physical Interactions","IREF-SMALL-SCALE-STUDIES",124,67
"GNAI2","LHCGR",0.022169663,"Physical Interactions","IREF-SMALL-SCALE-STUDIES",124,75
"GNAI2","F2R",0.015681868,"Physical Interactions","IREF-SMALL-SCALE-STUDIES",124,93
"GNAI2","ADRB2",0.0047937846,"Physical Interactions","IREF-SMALL-SCALE-STUDIES",124,105
"GNAI2","EGFR",0.0017270384,"Physical Interactions","IREF-SMALL-SCALE-STUDIES",124,107
"SLC8A2","SLC8A3",0.5390558,"Physical Interactions","Huttlin-Gygi-2015",141,185
"ATP2B4","PTGER3",0.01707126,"Physical Interactions","Huttlin-Gygi-2015",142,157
"PTGFR","ATP2B3",0.068041444,"Physical Interactions","Huttlin-Gygi-2015",14,184
"ATP2B2","PTGFR",0.05782486,"Physical Interactions","Huttlin-Gygi-2015",143,14
"AGTR1","ATP2B3",0.052521158,"Physical Interactions","Huttlin-Gygi-2015",48,184
"AGTR1","ATP2B4",0.062645786,"Physical Interactions","Huttlin-Gygi-2015",48,142
"PLCB1","PTGER3",0.0875971,"Physical Interactions","Huttlin-Gygi-2015",63,157
"PPP3CB","PPP3CC",0.10898633,"Physical Interactions","Huttlin-Gygi-2015",71,165
"PPP3R1","PPP3CC",0.08828403,"Physical Interactions","Huttlin-Gygi-2015",76,165
"ERBB2","PTGER3",0.03301418,"Physical Interactions","Huttlin-Gygi-2015",94,157
"PPP3CA","PPP3R1",0.12510559,"Physical Interactions","Huttlin-Gygi-2015",99,76
"GNAL","GNAS",0.2224765,"Physical Interactions","Huttlin-Gygi-2015",108,96
"GNAI3","ATP2A3",0.037860513,"Physical Interactions","Huttlin-Gygi-2015",123,12
"GNAI2","GNAI3",0.0138879735,"Physical Interactions","Huttlin-Gygi-2015",124,123
"EGFR","ATP2B1",0.060745675,"Physical Interactions","Tong-Moran-2014",107,128
"EGFR","GNAS",0.060745675,"Physical Interactions","Tong-Moran-2014",107,96
"CALM1","PTAFR",0.3606298,"Physical Interactions","Wang-Yang-2011",125,36
"EGFR","ATP2A2",0.07930516,"Physical Interactions","Foerster-Ritter-2013",107,35
